"","recat_calls"
"AAACCTGAGAAGGTTT-1","G2M"
"AAACCTGAGAGACTTA-1","G1"
"AAACCTGAGCGTTGCC-1","G1"
"AAACCTGGTAAGTGGC-1","G1S"
"AAACCTGGTAGCGTAG-1","G1"
"AAACCTGTCGGACAAG-1","G1"
"AAACCTGTCTGCCAGG-1","G1"
"AAACGGGAGACTCGGA-1","G1"
"AAACGGGAGCCCGAAA-1","G1"
"AAACGGGAGGGTTTCT-1","G1"
"AAACGGGCAGGAATCG-1","G1"
"AAACGGGGTAGCGTGA-1","M"
"AAACGGGGTCTCAACA-1","G1"
"AAACGGGGTCTCCCTA-1","G1"
"AAACGGGGTGTTGGGA-1","G1S"
"AAACGGGTCACCTCGT-1","G1S"
"AAACGGGTCCTTTACA-1","G1"
"AAAGATGAGGGAGTAA-1","G1"
"AAAGATGCACTCAGGC-1","M"
"AAAGATGGTAGTGAAT-1","M"
"AAAGATGTCACCCTCA-1","G2M"
"AAAGATGTCATACGGT-1","G1"
"AAAGATGTCGCCGTGA-1","G1S"
"AAAGATGTCGTGGACC-1","M"
"AAAGATGTCTCCAACC-1","G1S"
"AAAGCAAAGCGATGAC-1","G1S"
"AAAGCAAAGTTCGCAT-1","G1"
"AAAGCAACACAGCCCA-1","G1"
"AAAGCAACATCGATGT-1","M"
"AAAGCAAGTCGCATAT-1","G1"
"AAAGCAAGTGCCTTGG-1","G1S"
"AAAGCAAGTGTTAAGA-1","G1S"
"AAAGCAAGTTCGCTAA-1","G1"
"AAAGCAATCAAACCGT-1","G1S"
"AAAGCAATCACTTACT-1","G1"
"AAAGCAATCTGGGCCA-1","G1"
"AAAGTAGAGCCACGCT-1","G1S"
"AAAGTAGAGCTGATAA-1","G1"
"AAAGTAGCACATAACC-1","G1"
"AAAGTAGCATGGGAAC-1","G1"
"AAAGTAGGTCCAGTGC-1","G1"
"AAAGTAGGTTAGTGGG-1","G1"
"AAAGTAGTCCACGACG-1","G1"
"AAAGTAGTCGCCAAAT-1","M"
"AAAGTAGTCGGCGCAT-1","G1S"
"AAAGTAGTCTGTTTGT-1","G1"
"AAAGTAGTCTTGTATC-1","G1"
"AAATGCCAGCTTATCG-1","G1"
"AAATGCCCAAAGTGCG-1","G1S"
"AAATGCCCAAGCCGTC-1","G1S"
"AAATGCCCACACCGCA-1","G1"
"AAATGCCCACCACGTG-1","G1S"
"AAATGCCGTAATCACC-1","M"
"AAATGCCGTCCGACGT-1","G1"
"AAATGCCTCCAGATCA-1","G2M"
"AACACGTAGGACCACA-1","G1"
"AACACGTAGGATATAC-1","M"
"AACACGTAGGTGCTTT-1","G1"
"AACACGTCAAACCCAT-1","M"
"AACACGTCACCAGGCT-1","G1"
"AACACGTCAGCGTCCA-1","G1S"
"AACACGTCATGCTAGT-1","G1"
"AACACGTGTCTAGCCG-1","G1"
"AACACGTGTGTGAAAT-1","G2"
"AACACGTTCAACACCA-1","G1"
"AACACGTTCACTTACT-1","G1S"
"AACCATGAGGCCCTCA-1","G1"
"AACCATGAGGTCATCT-1","G1"
"AACCATGCAACTGGCC-1","M"
"AACCATGCACCGTTGG-1","G1"
"AACCATGCATTACGAC-1","M"
"AACCGCGAGAATTGTG-1","G1"
"AACCGCGAGTCCGGTC-1","G1"
"AACCGCGCAGTTAACC-1","G1"
"AACCGCGCATTATCTC-1","G1S"
"AACCGCGGTCGACTGC-1","G1"
"AACCGCGGTCTCGTTC-1","M"
"AACCGCGGTTATCGGT-1","G1"
"AACCGCGGTTCACCTC-1","G1"
"AACCGCGGTTCCACAA-1","G1"
"AACCGCGTCCGTCATC-1","G1"
"AACCGCGTCTACCAGA-1","M"
"AACGTTGAGCACACAG-1","G1"
"AACGTTGTCGTTACGA-1","G1"
"AACTCAGAGAACAACT-1","G1"
"AACTCAGAGAAGGACA-1","G1"
"AACTCAGAGATCCGAG-1","G1"
"AACTCAGCAATGTAAG-1","M"
"AACTCAGCACAAGTAA-1","G1"
"AACTCAGCATATACGC-1","G2M"
"AACTCAGGTCGTGGCT-1","G1"
"AACTCAGGTGCACTTA-1","G1"
"AACTCAGGTGTCAATC-1","G1"
"AACTCAGTCCGCAAGC-1","G1S"
"AACTCCCAGAAACGAG-1","G1S"
"AACTCCCAGCTAGTTC-1","G1S"
"AACTCCCCAGATGAGC-1","M"
"AACTCCCGTGTGAATA-1","G1"
"AACTCCCTCCACGACG-1","G1"
"AACTCTTAGTATGACA-1","M"
"AACTCTTCAACACCCG-1","G1S"
"AACTCTTCAACTGCGC-1","G1"
"AACTCTTCACGGCTAC-1","G1"
"AACTCTTCATCTATGG-1","G1"
"AACTCTTGTTTGACAC-1","G1"
"AACTGGTAGAGCCTAG-1","G1"
"AACTGGTAGGCATTGG-1","G1"
"AACTGGTCAAAGGTGC-1","G2M"
"AACTGGTCACAGACTT-1","G1"
"AACTGGTCAGTAGAGC-1","G1"
"AACTGGTGTAAGAGAG-1","G1"
"AACTGGTGTTCCGGCA-1","M"
"AACTGGTTCCGTAGGC-1","G1"
"AACTGGTTCGCAAGCC-1","G1"
"AACTTTCAGAAACCAT-1","G1"
"AACTTTCAGCCACGCT-1","G1"
"AACTTTCAGGCTCTTA-1","G1"
"AACTTTCAGTGACATA-1","G1"
"AACTTTCGTAGTAGTA-1","G1"
"AACTTTCGTATAGTAG-1","G1"
"AACTTTCGTCTTGATG-1","G1S"
"AAGACCTAGGCCCTTG-1","G1S"
"AAGACCTCAAACCCAT-1","G1"
"AAGACCTCATTGGCGC-1","G1"
"AAGACCTCATTGGGCC-1","M"
"AAGACCTGTACCGCTG-1","M"
"AAGACCTGTATGGTTC-1","G1"
"AAGACCTTCACCAGGC-1","G1"
"AAGACCTTCATTTGGG-1","G1"
"AAGCCGCAGCGTGAAC-1","G1S"
"AAGCCGCCAGCATGAG-1","G1"
"AAGCCGCGTAGAAGGA-1","M"
"AAGCCGCGTAGCTTGT-1","G1S"
"AAGCCGCGTATAGGTA-1","G1"
"AAGCCGCTCCATTCTA-1","M"
"AAGGAGCAGAGTGACC-1","G1"
"AAGGAGCCACGGACAA-1","M"
"AAGGAGCGTCGCGAAA-1","G1"
"AAGGAGCGTTAAGACA-1","M"
"AAGGCAGAGAGCCTAG-1","G1"
"AAGGCAGAGAGGGCTT-1","G1"
"AAGGCAGAGCAGATCG-1","G1S"
"AAGGCAGAGCTCTCGG-1","G1"
"AAGGCAGGTAGATTAG-1","G1"
"AAGGCAGGTAGGACAC-1","G1"
"AAGGCAGGTGCGCTTG-1","G1"
"AAGGCAGGTTACGTCA-1","G1"
"AAGGCAGGTTTGTTGG-1","G1S"
"AAGGCAGTCAGCCTAA-1","G1"
"AAGGCAGTCCTCCTAG-1","M"
"AAGGTTCAGAGTCGGT-1","M"
"AAGGTTCAGGAGTACC-1","G1"
"AAGGTTCGTTAGAACA-1","G1S"
"AAGGTTCTCGTGACAT-1","G1S"
"AAGGTTCTCTTGTTTG-1","G1"
"AAGTCTGAGAAACCTA-1","M"
"AAGTCTGAGAGCCTAG-1","G1"
"AAGTCTGCAAGCGAGT-1","G1S"
"AAGTCTGCAGTGGAGT-1","G1"
"AAGTCTGTCCTCTAGC-1","M"
"AATCCAGAGGACACCA-1","G1"
"AATCCAGAGGGCTTGA-1","G1S"
"AATCCAGAGTGCGTGA-1","G1"
"AATCCAGCAAAGAATC-1","G2M"
"AATCCAGCATCGACGC-1","G1"
"AATCCAGGTAAAGTCA-1","G1"
"AATCCAGTCAGCGACC-1","G1S"
"AATCCAGTCCTTAATC-1","S"
"AATCGGTAGTGAAGAG-1","G1"
"AATCGGTGTAAGTGGC-1","M"
"AATCGGTGTGACAAAT-1","G1"
"AATCGGTGTGCTAGCC-1","G1"
"AATCGGTTCAATCACG-1","G1"
"AATCGGTTCTCGATGA-1","G1S"
"ACACCAAAGCTCCCAG-1","M"
"ACACCAACAGGGATTG-1","G1"
"ACACCAACAGTGGAGT-1","G1"
"ACACCAAGTACCGTAT-1","G1S"
"ACACCAAGTCGAATCT-1","G1"
"ACACCAAGTTTCCACC-1","G1"
"ACACCAATCTAGAGTC-1","G1"
"ACACCAATCTTGACGA-1","G1"
"ACACCCTAGAACAATC-1","M"
"ACACCCTCAGTGAGTG-1","G1"
"ACACCCTCATTAACCG-1","G1S"
"ACACCCTGTAAGTGTA-1","G1"
"ACACCCTTCTGTCAAG-1","G2"
"ACACCGGAGGCGATAC-1","G1"
"ACACCGGCAAACGTGG-1","G1"
"ACACCGGCAAGGACAC-1","G1"
"ACACCGGCACTACAGT-1","G1"
"ACACCGGCATGCAATC-1","G1"
"ACACCGGGTCACCTAA-1","G1"
"ACACTGACAGGAATCG-1","G1"
"ACACTGACAGGGTATG-1","M"
"ACACTGAGTACTCAAC-1","G1"
"ACACTGATCTAACTCT-1","G2"
"ACAGCCGAGTAGGCCA-1","G1"
"ACAGCCGAGTCCAGGA-1","M"
"ACAGCCGCAAACGCGA-1","G1"
"ACAGCCGCACAGGCCT-1","M"
"ACAGCCGCATTGGGCC-1","M"
"ACAGCCGGTAGCTTGT-1","G1"
"ACAGCCGGTCAACATC-1","G1"
"ACAGCCGGTCGGCTCA-1","G1"
"ACAGCCGGTGAGGGAG-1","G1"
"ACAGCCGGTTGTCGCG-1","M"
"ACAGCCGTCAAGGTAA-1","G1"
"ACAGCTAAGTCAAGCG-1","G1"
"ACAGCTACAAAGCAAT-1","G1"
"ACAGCTACAGTGAGTG-1","M"
"ACAGCTAGTACTTAGC-1","M"
"ACAGCTAGTCCAAGTT-1","G1S"
"ACAGCTATCTTTAGTC-1","M"
"ACATACGAGACTGTAA-1","G1"
"ACATACGAGAGGTACC-1","G1"
"ACATACGCACTCTGTC-1","G1"
"ACATACGGTATAAACG-1","G1"
"ACATACGGTATTCTCT-1","M"
"ACATACGGTGTGCGTC-1","G1"
"ACATACGGTTCGCGAC-1","G1S"
"ACATACGTCCTTGACC-1","G1"
"ACATACGTCTGACCTC-1","G1S"
"ACATCAGAGGAACTGC-1","G1"
"ACATCAGAGGCTCATT-1","G1S"
"ACATCAGCATAAGACA-1","G1S"
"ACATCAGCATATACCG-1","M"
"ACATCAGCATCCTAGA-1","G1S"
"ACATCAGGTCACAAGG-1","G1"
"ACATCAGGTCATTAGC-1","G1S"
"ACATCAGGTCTCCCTA-1","G1"
"ACATCAGGTGAAATCA-1","G1"
"ACATCAGGTTCCATGA-1","G1S"
"ACATCAGTCAACTCTT-1","M"
"ACATGGTAGACACGAC-1","G1S"
"ACATGGTCAACGATGG-1","M"
"ACATGGTCAAGCTGGA-1","M"
"ACATGGTCATGCATGT-1","M"
"ACATGGTGTAAGGGAA-1","G1"
"ACATGGTTCGTGGTCG-1","G1"
"ACCAGTAAGCGCTTAT-1","M"
"ACCAGTAAGCTAGGCA-1","G1"
"ACCAGTACAACACCCG-1","G1"
"ACCAGTAGTCACTTCC-1","G1"
"ACCAGTAGTTCGGCAC-1","G1S"
"ACCAGTAGTTGTCTTT-1","G1S"
"ACCAGTATCAGCACAT-1","G1"
"ACCAGTATCCACGCAG-1","G1"
"ACCAGTATCGCCTGAG-1","M"
"ACCCACTAGACTTTCG-1","G1S"
"ACCCACTCAGCCTATA-1","M"
"ACCCACTGTCATATCG-1","M"
"ACCCACTGTTTGTTGG-1","G1"
"ACCGTAAAGAATCTCC-1","G1S"
"ACCGTAAAGTGGGATC-1","G1"
"ACCGTAACACCAGATT-1","G1S"
"ACCGTAAGTCGACTGC-1","G2"
"ACCGTAAGTTAAGAAC-1","G1"
"ACCGTAATCAAGCCTA-1","G1"
"ACCGTAATCATGCTCC-1","G1"
"ACCTTTACAAACAACA-1","G1S"
"ACCTTTAGTGAGGGTT-1","M"
"ACCTTTAGTGTTAAGA-1","G1"
"ACCTTTAGTGTTCGAT-1","G1"
"ACCTTTATCACAACGT-1","G1S"
"ACGAGCCAGCGTGAGT-1","G1"
"ACGAGCCAGTGTCCAT-1","G1"
"ACGAGCCAGTTCCACA-1","M"
"ACGAGCCCACCGGAAA-1","G1"
"ACGAGCCCATGCAATC-1","G1"
"ACGAGCCGTACAGTGG-1","G1S"
"ACGAGCCGTCGAATCT-1","G1"
"ACGAGCCGTCGTTGTA-1","G1S"
"ACGAGCCGTGCGGTAA-1","G1"
"ACGAGCCTCAGCTCTC-1","G1S"
"ACGAGCCTCCGTAGGC-1","M"
"ACGAGGAAGGCTATCT-1","G1"
"ACGAGGAAGGTGGGTT-1","G1"
"ACGAGGACAAATTGCC-1","G1S"
"ACGAGGACAGATGGCA-1","G1"
"ACGAGGACAGCATACT-1","G1S"
"ACGAGGATCCTAGGGC-1","G1S"
"ACGAGGATCTATCCTA-1","G1"
"ACGATACAGAATAGGG-1","G1S"
"ACGATACAGATGAGAG-1","G1"
"ACGATACGTAAGGGCT-1","G1"
"ACGATGTAGACCCACC-1","G1"
"ACGATGTAGATGCCAG-1","G1S"
"ACGATGTCAGATGGCA-1","G1S"
"ACGATGTTCATGTCCC-1","G1"
"ACGATGTTCCAATGGT-1","G1S"
"ACGATGTTCGCTAGCG-1","G1"
"ACGATGTTCTCTAGGA-1","M"
"ACGCAGCAGATGTCGG-1","M"
"ACGCAGCAGGACGAAA-1","G1"
"ACGCAGCCAAAGGTGC-1","G2"
"ACGCAGCGTACCGGCT-1","G1"
"ACGCAGCGTGGCCCTA-1","G1S"
"ACGCAGCGTTCCACTC-1","G1"
"ACGCAGCTCTTCGAGA-1","G1S"
"ACGCCAGCACATGACT-1","G2M"
"ACGCCAGCACCAGGTC-1","G1"
"ACGCCAGGTAGCAAAT-1","G1"
"ACGCCAGTCATAGCAC-1","G1"
"ACGCCAGTCCGAACGC-1","G1"
"ACGCCAGTCCTGCAGG-1","G1"
"ACGCCAGTCTACTTAC-1","G1"
"ACGCCGAAGCTCAACT-1","G1"
"ACGCCGACAAGCCTAT-1","G1"
"ACGCCGAGTCAGGACA-1","G1"
"ACGCCGAGTGGTTTCA-1","M"
"ACGCCGATCCCTGACT-1","G1S"
"ACGCCGATCGACAGCC-1","G1"
"ACGCCGATCTGATTCT-1","G1S"
"ACGGAGAAGTCTCAAC-1","G1"
"ACGGAGAAGTGTACTC-1","G1"
"ACGGAGACAAGGACTG-1","G1"
"ACGGAGACAGACGCCT-1","G1"
"ACGGAGACATAAAGGT-1","G1"
"ACGGAGAGTACATGTC-1","G1S"
"ACGGAGAGTCCAAGTT-1","M"
"ACGGAGAGTTACGTCA-1","M"
"ACGGAGATCCCTTGTG-1","G1"
"ACGGAGATCGCGCCAA-1","G1"
"ACGGCCAAGAGATGAG-1","G1"
"ACGGCCAAGATCACGG-1","G1"
"ACGGCCAAGATGTTAG-1","G1"
"ACGGCCAAGGCTAGCA-1","G1"
"ACGGCCAAGTTGAGTA-1","G1"
"ACGGCCACAGCCTTTC-1","G1S"
"ACGGCCACATCACGAT-1","G1"
"ACGGCCAGTAGCGATG-1","M"
"ACGGCCAGTTCCGGCA-1","M"
"ACGGGCTAGACAAAGG-1","G1"
"ACGGGCTAGTATGACA-1","M"
"ACGGGCTCACCAGGTC-1","G1"
"ACGGGCTCATATGAGA-1","G1"
"ACGGGCTCATGTCTCC-1","M"
"ACGGGCTGTATGCTTG-1","G1"
"ACGGGCTGTGTCTGAT-1","G1"
"ACGGGCTGTTATGTGC-1","G1"
"ACGGGCTTCAGTGTTG-1","G1"
"ACGGGCTTCCCACTTG-1","G2M"
"ACGGGCTTCGCCTGTT-1","G1S"
"ACGGGTCAGGGTATCG-1","M"
"ACGGGTCCATCCTTGC-1","G1"
"ACGGGTCGTCTAGGTT-1","G1"
"ACGGGTCTCTCCAACC-1","G1"
"ACGTCAAAGACTAAGT-1","G1"
"ACGTCAAAGCACAGGT-1","G1S"
"ACGTCAACAGTAAGAT-1","G1"
"ACGTCAAGTTCATGGT-1","G1"
"ACGTCAAGTTTGTTGG-1","G2"
"ACGTCAATCGCAAGCC-1","G1"
"ACTATCTAGCTAGCCC-1","M"
"ACTATCTCAAAGTGCG-1","G1"
"ACTATCTCAAGACACG-1","G1"
"ACTATCTCAGATCTGT-1","G1"
"ACTATCTTCCCAAGAT-1","G1"
"ACTGAACGTCTCTTTA-1","G1"
"ACTGAACGTGGTCTCG-1","G1S"
"ACTGAACTCAGTTGAC-1","G1"
"ACTGAACTCCGGGTGT-1","G1S"
"ACTGAGTAGATAGCAT-1","G1"
"ACTGAGTAGATGTAAC-1","G1"
"ACTGAGTAGTCTCGGC-1","G2"
"ACTGAGTGTCCTGCTT-1","G1"
"ACTGAGTGTCTGATTG-1","G2M"
"ACTGAGTTCGCTTGTC-1","G1"
"ACTGAGTTCGTTTGCC-1","G1"
"ACTGATGAGGGATCTG-1","G1"
"ACTGATGGTGTCCTCT-1","G1S"
"ACTGATGGTTCCTCCA-1","M"
"ACTGATGTCAATCACG-1","G1"
"ACTGATGTCCACGTTC-1","M"
"ACTGATGTCCGCGCAA-1","G1"
"ACTGATGTCGGCTTGG-1","G1"
"ACTGCTCCACAACTGT-1","M"
"ACTGCTCCACAGCCCA-1","G1"
"ACTGCTCCATCGATGT-1","G1"
"ACTGCTCGTGCAGGTA-1","G1S"
"ACTGCTCGTTGCGCAC-1","G1S"
"ACTGCTCTCAACCATG-1","G2M"
"ACTGCTCTCGGTGTCG-1","G1S"
"ACTGTCCAGATAGTCA-1","M"
"ACTGTCCAGGTGCTAG-1","G1"
"ACTGTCCCACTATCTT-1","G1S"
"ACTGTCCCATCAGTCA-1","G1S"
"ACTGTCCGTACCCAAT-1","G1"
"ACTGTCCGTCAACTGT-1","G1"
"ACTGTCCTCATCATTC-1","G1S"
"ACTGTCCTCCAGTATG-1","G1"
"ACTGTCCTCGCACTCT-1","G1S"
"ACTGTCCTCTGCAAGT-1","G1"
"ACTTACTCACTACAGT-1","G1"
"ACTTACTTCGATAGAA-1","G1"
"ACTTACTTCTTTAGTC-1","G1"
"ACTTGTTAGCAACGGT-1","G1"
"ACTTGTTAGCTGCAAG-1","M"
"ACTTGTTAGGCAAAGA-1","G1"
"ACTTGTTCAAGAGTCG-1","M"
"ACTTGTTCAATGTAAG-1","G1S"
"ACTTGTTCATCGATTG-1","G1S"
"ACTTGTTGTCTCTCTG-1","G1S"
"ACTTGTTTCATCTGTT-1","S"
"ACTTGTTTCGGACAAG-1","G1"
"ACTTTCAAGAGCCCAA-1","S"
"ACTTTCAAGTACACCT-1","G1"
"ACTTTCAAGTGCTGCC-1","G1S"
"ACTTTCACAGTATAAG-1","G1"
"ACTTTCATCAAAGACA-1","G1S"
"ACTTTCATCTAACTCT-1","G1"
"ACTTTCATCTATCCCG-1","G1"
"AGAATAGAGATATGGT-1","G1"
"AGAATAGCATAAGACA-1","G1S"
"AGAATAGGTAGCGCAA-1","G1"
"AGAATAGGTGATAAGT-1","G1S"
"AGACGTTAGAGTCTGG-1","G1S"
"AGACGTTAGCAATCTC-1","M"
"AGACGTTCAAGACGTG-1","G1"
"AGACGTTCAGAGCCAA-1","G1"
"AGACGTTGTAAACCTC-1","M"
"AGACGTTGTAGCGTGA-1","G1S"
"AGACGTTGTAGGCTGA-1","G1"
"AGACGTTGTGTGGCTC-1","G1"
"AGACGTTGTTGTACAC-1","G2M"
"AGACGTTTCCTCATTA-1","M"
"AGACGTTTCGGAAACG-1","M"
"AGACGTTTCTGGTATG-1","G1S"
"AGAGCGAAGAACAATC-1","G1"
"AGAGCGAAGCGATTCT-1","G1"
"AGAGCGACACGTCAGC-1","G1"
"AGAGCGACAGACGCAA-1","G1S"
"AGAGCGAGTAACGACG-1","M"
"AGAGCGAGTATAGGGC-1","G1"
"AGAGCGAGTTACGACT-1","G1"
"AGAGCGATCAATCACG-1","G1"
"AGAGCGATCATTGCCC-1","G1"
"AGAGCGATCCCTAACC-1","G1"
"AGAGCGATCGCCCTTA-1","M"
"AGAGCGATCTCTGTCG-1","G1"
"AGAGCTTAGTAGCCGA-1","M"
"AGAGCTTCACAACGCC-1","G1"
"AGAGCTTCAGACGCCT-1","G1"
"AGAGCTTGTAAGGGCT-1","G1S"
"AGAGCTTGTTCACCTC-1","G1S"
"AGAGTGGAGCCTCGTG-1","G1"
"AGAGTGGCACTTCTGC-1","G1"
"AGAGTGGGTACAGCAG-1","G2M"
"AGAGTGGGTCGACTGC-1","G2M"
"AGAGTGGTCAGAGACG-1","G1"
"AGAGTGGTCCAATGGT-1","G1"
"AGAGTGGTCTTCATGT-1","G1"
"AGATCTGAGTTAGGTA-1","G1"
"AGATCTGGTTCTCATT-1","G2"
"AGATCTGTCCCACTTG-1","M"
"AGATCTGTCTCTAGGA-1","G1"
"AGATTGCAGACCACGA-1","G1"
"AGATTGCAGGCAGTCA-1","G2"
"AGATTGCAGTACCGGA-1","M"
"AGATTGCAGTTTGCGT-1","M"
"AGATTGCGTAAAGGAG-1","M"
"AGATTGCGTTCTGGTA-1","M"
"AGATTGCTCACTGGGC-1","G1"
"AGCAGCCAGCTGAACG-1","G1"
"AGCAGCCAGTGTGAAT-1","G1"
"AGCAGCCCAATAGAGT-1","G1S"
"AGCAGCCCAGATGAGC-1","G1S"
"AGCAGCCCAGTAGAGC-1","G1S"
"AGCAGCCCATAACCTG-1","G1"
"AGCAGCCCATCAGTCA-1","G1"
"AGCAGCCGTTGGTAAA-1","G1"
"AGCAGCCTCACTATTC-1","G1"
"AGCAGCCTCAGAAATG-1","G1S"
"AGCAGCCTCCGATATG-1","G1S"
"AGCATACAGCCACGCT-1","G1"
"AGCATACCAAGCGAGT-1","G1"
"AGCATACCACGGTAGA-1","M"
"AGCATACCAGGTGGAT-1","G1S"
"AGCATACGTGATGTGG-1","G1"
"AGCATACGTTCAGTAC-1","G1"
"AGCCTAAAGTTCGATC-1","G1"
"AGCCTAACATTCACTT-1","G1"
"AGCCTAAGTAAGAGGA-1","G1"
"AGCCTAATCTTAGCCC-1","G1"
"AGCGGTCAGCCCGAAA-1","M"
"AGCGGTCGTACCATCA-1","G1"
"AGCGGTCGTTCTGTTT-1","G1"
"AGCGGTCGTTGTCGCG-1","G1S"
"AGCGTATAGAAGGACA-1","G1"
"AGCGTATAGAGGTTGC-1","G1"
"AGCGTATAGGCTCAGA-1","G1"
"AGCGTATCAATGACCT-1","G1"
"AGCGTATCACGAAACG-1","G1"
"AGCGTATCAGGGTACA-1","G1"
"AGCGTATCATCCTAGA-1","G1"
"AGCGTATCATTAACCG-1","G2M"
"AGCGTATTCGAATCCA-1","G1"
"AGCGTCGAGTTATCGC-1","M"
"AGCGTCGGTATGAATG-1","G1"
"AGCGTCGGTGATGTCT-1","G1"
"AGCGTCGGTTTAGCTG-1","G1"
"AGCGTCGTCTTACCGC-1","G2M"
"AGCTCCTAGTACACCT-1","M"
"AGCTCCTCAAGCTGGA-1","G1"
"AGCTCCTCAATGGATA-1","G1"
"AGCTCCTCACGACGAA-1","G1S"
"AGCTCCTCACTGAAGG-1","G1"
"AGCTCCTCAGGACGTA-1","G1"
"AGCTCCTCAGTCAGCC-1","G1"
"AGCTCCTGTTCGCGAC-1","S"
"AGCTCCTTCGTCTGAA-1","G1"
"AGCTCTCAGCAATATG-1","G1"
"AGCTCTCAGGTGACCA-1","G1S"
"AGCTCTCAGTCGTTTG-1","G1"
"AGCTCTCGTATATCCG-1","G1"
"AGCTCTCGTTGGTAAA-1","G1S"
"AGCTCTCTCAACGCTA-1","G1S"
"AGCTCTCTCCTCAATT-1","G1S"
"AGCTCTCTCGAATCCA-1","M"
"AGCTTGAAGCTAGCCC-1","G1"
"AGCTTGAAGGCTCTTA-1","G1"
"AGCTTGACAATGGATA-1","G1"
"AGCTTGACAGATGGGT-1","G1"
"AGCTTGATCCATGAAC-1","G1"
"AGCTTGATCGAGGTAG-1","G1"
"AGCTTGATCGCAGGCT-1","G2M"
"AGGCCACCACAACGTT-1","G1S"
"AGGCCACCACCCATGG-1","G1"
"AGGCCACCAGGCGATA-1","G1S"
"AGGCCACCATGTAAGA-1","M"
"AGGCCACGTAAGTTCC-1","M"
"AGGCCACTCAAAGACA-1","G1S"
"AGGCCACTCAGCATGT-1","G1S"
"AGGCCGTAGCCAGTTT-1","G1S"
"AGGCCGTAGGGCTTGA-1","G1"
"AGGCCGTCAGTACACT-1","G1"
"AGGCCGTTCAATAAGG-1","M"
"AGGCCGTTCCCTGACT-1","G1"
"AGGCCGTTCTACCAGA-1","G1"
"AGGGAGTAGAGCCTAG-1","G1"
"AGGGAGTAGCTCTCGG-1","G1S"
"AGGGAGTAGCTTCGCG-1","G1"
"AGGGAGTAGGAGTCTG-1","G1"
"AGGGAGTAGGGATCTG-1","G1"
"AGGGAGTAGGGTGTTG-1","G1"
"AGGGAGTCAATCTGCA-1","G1"
"AGGGAGTCACAGGCCT-1","G1"
"AGGGAGTGTACCGCTG-1","G1"
"AGGGATGAGGATGCGT-1","G1"
"AGGGATGCAGTTCATG-1","G1S"
"AGGGATGCATTATCTC-1","G1"
"AGGGATGGTACAGCAG-1","G1"
"AGGGATGGTAGATTAG-1","G1"
"AGGGATGTCCCAGGTG-1","G1"
"AGGGATGTCTTACCGC-1","G1"
"AGGGTGACATTGGCGC-1","M"
"AGGGTGATCTCTAAGG-1","G1"
"AGGTCATAGGAGCGAG-1","G1"
"AGGTCATCACATGGGA-1","G1"
"AGGTCATCAGTATCTG-1","G1S"
"AGGTCATCATCCAACA-1","M"
"AGGTCATGTAGTGAAT-1","G1"
"AGGTCATGTCATCGGC-1","G1"
"AGGTCATGTGCTGTAT-1","G2"
"AGGTCATGTTAAAGAC-1","G1"
"AGGTCATTCTAGAGTC-1","G1"
"AGGTCATTCTGTCCGT-1","G1"
"AGGTCCGAGGAGTCTG-1","G1"
"AGGTCCGGTTAAAGAC-1","G1"
"AGTAGTCCAAGGGTCA-1","G1"
"AGTAGTCCAATGACCT-1","G1"
"AGTAGTCCAGGTCGTC-1","G1"
"AGTAGTCTCCTGCCAT-1","G2"
"AGTCTTTAGGCTAGAC-1","G2M"
"AGTCTTTAGGTGATAT-1","G1"
"AGTCTTTCACAGCGTC-1","G1"
"AGTCTTTCACATTCGA-1","G2"
"AGTCTTTGTCAGCTAT-1","G1"
"AGTCTTTGTCAGTGGA-1","G1"
"AGTCTTTGTGACGCCT-1","G1"
"AGTCTTTTCCATTCTA-1","G1"
"AGTCTTTTCTGATTCT-1","G1"
"AGTGAGGAGAAACGAG-1","G1S"
"AGTGAGGAGCAGACTG-1","G1"
"AGTGAGGAGCTCCTCT-1","G1"
"AGTGAGGAGGCTATCT-1","M"
"AGTGAGGAGTGGGATC-1","G1"
"AGTGAGGCAAGTAGTA-1","G1"
"AGTGAGGCATCGGAAG-1","G1S"
"AGTGAGGGTATTCTCT-1","G1"
"AGTGAGGGTCGTGGCT-1","G1"
"AGTGAGGTCAACGAAA-1","G1"
"AGTGAGGTCTGTTGAG-1","G1"
"AGTGAGGTCTTATCTG-1","G2"
"AGTGGGAAGGGTTCCC-1","G1"
"AGTGGGACATAACCTG-1","G1S"
"AGTGGGAGTAAACGCG-1","G1"
"AGTGGGAGTACCCAAT-1","G1"
"AGTGGGAGTAGCCTAT-1","G1"
"AGTGGGAGTATTAGCC-1","G1"
"AGTGGGATCCCGACTT-1","M"
"AGTGTCAAGAGTAATC-1","G1S"
"AGTGTCAAGCTTTGGT-1","M"
"AGTGTCAAGGACCACA-1","G1S"
"AGTGTCAAGGTAAACT-1","G1"
"AGTGTCAAGGTGGGTT-1","G1"
"AGTGTCACAACTGCTA-1","G1"
"AGTGTCACATCACAAC-1","G1"
"AGTGTCACATTGGGCC-1","M"
"AGTGTCAGTGGAAAGA-1","G1"
"AGTGTCAGTTAAGATG-1","G1"
"AGTGTCAGTTCCATGA-1","G1S"
"AGTGTCATCAACGGGA-1","G1"
"AGTGTCATCATGTGGT-1","G1"
"AGTGTCATCCAGTAGT-1","G1"
"AGTTGGTAGAAACCTA-1","M"
"AGTTGGTAGCCCAATT-1","G1"
"AGTTGGTCAGGGCATA-1","M"
"AGTTGGTGTCACACGC-1","G1S"
"AGTTGGTTCCAAGCCG-1","G1"
"ATAACGCAGGATGGAA-1","G1"
"ATAACGCCACAAGCCC-1","G1"
"ATAACGCCAGTAAGCG-1","G1"
"ATAACGCGTGCGCTTG-1","G1S"
"ATAACGCTCCAAACTG-1","G1"
"ATAACGCTCCGAAGAG-1","G1"
"ATAACGCTCGCATGGC-1","G1"
"ATAAGAGAGCAGACTG-1","G1S"
"ATAAGAGCATGTCTCC-1","G1"
"ATAAGAGGTTGAGTTC-1","G1"
"ATAAGAGGTTGGAGGT-1","G1"
"ATAAGAGGTTTGGCGC-1","G1"
"ATAAGAGTCCACGTGG-1","G1"
"ATAAGAGTCCGCGCAA-1","G1"
"ATAAGAGTCGAATGCT-1","G1"
"ATAAGAGTCTAACTCT-1","G1"
"ATAAGAGTCTCAAACG-1","G1"
"ATAAGAGTCTGCAAGT-1","S"
"ATAGACCAGCGGATCA-1","G1"
"ATAGACCAGCTACCGC-1","G1"
"ATAGACCAGTCAATAG-1","G2M"
"ATAGACCCAACACGCC-1","M"
"ATAGACCCAAGCCATT-1","G1"
"ATAGACCCACGCATCG-1","G1"
"ATAGACCCACGCGAAA-1","M"
"ATAGACCGTCCATGAT-1","G1"
"ATCACGAAGCGACGTA-1","M"
"ATCACGAAGTAGCGGT-1","G1"
"ATCACGAAGTGGTAGC-1","G1"
"ATCACGAAGTTCGCAT-1","G1"
"ATCACGACACTTAACG-1","G1"
"ATCACGACAGCCTTGG-1","G1"
"ATCACGATCGGAAATA-1","G1S"
"ATCATCTAGAATTGTG-1","G1"
"ATCATCTCAGTTCATG-1","G1"
"ATCATCTCATTCCTCG-1","G1"
"ATCATGGAGACTGTAA-1","G1"
"ATCATGGCAGTAACGG-1","G1"
"ATCATGGGTCCGCTGA-1","G1"
"ATCATGGTCAACACGT-1","M"
"ATCCACCAGAGTACCG-1","S"
"ATCCACCAGCGCTCCA-1","G1"
"ATCCACCAGGCGCTCT-1","G1S"
"ATCCACCGTAGAAAGG-1","G1S"
"ATCCGAAAGAGCTATA-1","G1"
"ATCCGAAAGTTATCGC-1","G1"
"ATCCGAACAATAGCGG-1","G1S"
"ATCCGAAGTAGCGCTC-1","G1"
"ATCCGAATCTCTGAGA-1","G2M"
"ATCCGAATCTGTTGAG-1","G1"
"ATCGAGTCAAGCTGGA-1","G1"
"ATCGAGTCAGACGTAG-1","G1"
"ATCGAGTCATTCCTCG-1","G1S"
"ATCGAGTGTCGCGTGT-1","G1"
"ATCGAGTTCAGAGACG-1","G1"
"ATCGAGTTCAGCGACC-1","G2M"
"ATCGAGTTCCGCTGTT-1","G1"
"ATCGAGTTCTATCCTA-1","G1"
"ATCTACTAGATATGCA-1","G1"
"ATCTACTCACGACGAA-1","G1"
"ATCTACTCACGGTGTC-1","G1S"
"ATCTACTCACTCGACG-1","G1"
"ATCTACTCAGACAGGT-1","G1"
"ATCTACTCATCACCCT-1","G1"
"ATCTACTCATGCATGT-1","G1"
"ATCTACTGTCATTAGC-1","M"
"ATCTACTGTTGCGTTA-1","G1"
"ATCTGCCAGACACTAA-1","M"
"ATCTGCCCAAGTTGTC-1","M"
"ATCTGCCCACAGGTTT-1","G1"
"ATCTGCCCATGAGCGA-1","G1"
"ATCTGCCCATGTTCCC-1","M"
"ATCTGCCCATTTCACT-1","G1S"
"ATCTGCCGTAATTGGA-1","G1"
"ATCTGCCTCGTTACGA-1","G1S"
"ATGAGGGAGCGATCCC-1","G1"
"ATGAGGGAGGCATTGG-1","M"
"ATGAGGGCAAGTCATC-1","G1"
"ATGAGGGCATTCCTCG-1","M"
"ATGAGGGGTCACACGC-1","G1S"
"ATGAGGGGTCCAACTA-1","G1"
"ATGAGGGGTCCTAGCG-1","G1"
"ATGAGGGGTCTCACCT-1","G1"
"ATGAGGGTCCCTTGTG-1","M"
"ATGAGGGTCCTAGAAC-1","M"
"ATGCGATAGCCTATGT-1","G1"
"ATGCGATAGTTAAGTG-1","G1"
"ATGCGATCACCTGGTG-1","G1"
"ATGCGATCACGCCAGT-1","G1"
"ATGCGATGTATATGGA-1","G1"
"ATGCGATGTTGTCTTT-1","M"
"ATGCGATTCACAATGC-1","M"
"ATGGGAGAGTAACCCT-1","G1"
"ATGGGAGCAGGCTGAA-1","G1S"
"ATGGGAGCATGGGAAC-1","G1"
"ATGGGAGGTAAATGTG-1","G1"
"ATGGGAGGTATGAAAC-1","G1"
"ATGGGAGGTGCCTGTG-1","G1S"
"ATGTGTGAGCTAGTTC-1","G1"
"ATGTGTGAGTCTCGGC-1","G1S"
"ATGTGTGTCATCATTC-1","G1"
"ATGTGTGTCCCTTGTG-1","G1S"
"ATGTGTGTCGTTACAG-1","G1"
"ATTACTCAGATCCCGC-1","G1S"
"ATTACTCAGCCATCGC-1","M"
"ATTACTCAGTACGACG-1","G1"
"ATTACTCCAGATGGGT-1","G1"
"ATTACTCCATGGGAAC-1","G1"
"ATTACTCTCTGAAAGA-1","G1"
"ATTATCCAGATAGTCA-1","G1"
"ATTATCCGTCTAACGT-1","G1"
"ATTATCCGTTATGCGT-1","G1"
"ATTATCCTCAGAGGTG-1","M"
"ATTATCCTCCGTCAAA-1","G1"
"ATTATCCTCGGACAAG-1","G1"
"ATTATCCTCGTTGCCT-1","G1"
"ATTATCCTCTGCTTGC-1","G1S"
"ATTATCCTCTGTTGAG-1","G1"
"ATTCTACAGCAGCCTC-1","G1"
"ATTCTACCAATCAGAA-1","G1"
"ATTCTACGTCCGACGT-1","G1"
"ATTCTACGTGAAGGCT-1","G1"
"ATTCTACTCTATCCCG-1","G1"
"ATTGGACAGATATGGT-1","G1"
"ATTGGACCAACTGGCC-1","G1"
"ATTGGACCAGTGAGTG-1","G1"
"ATTGGACCATGCCTAA-1","G1"
"ATTGGACGTAAGGATT-1","G1"
"ATTGGACGTCGAACAG-1","G1"
"ATTGGACGTCTCGTTC-1","G1S"
"ATTGGACGTTAAAGAC-1","G1S"
"ATTGGACTCACAGGCC-1","G1"
"ATTGGACTCGCCATAA-1","G1"
"ATTGGACTCTGGCGTG-1","G1"
"ATTGGTGAGCGAAGGG-1","M"
"ATTGGTGAGTGTGAAT-1","G1"
"ATTGGTGCAATACGCT-1","G1"
"ATTGGTGGTAATAGCA-1","G1"
"ATTGGTGGTTGTACAC-1","S"
"ATTGGTGGTTTGACTG-1","G1"
"ATTGGTGTCGGTCTAA-1","G1"
"ATTGGTGTCGTTACGA-1","G1S"
"ATTTCTGAGAGAACAG-1","M"
"ATTTCTGAGGCCATAG-1","G1"
"ATTTCTGCACTCGACG-1","G1"
"ATTTCTGGTAGGGACT-1","G1"
"ATTTCTGTCTTCTGGC-1","G1"
"CAACCAAAGACGCACA-1","G1"
"CAACCAACAGTCCTTC-1","G1"
"CAACCAACATGGTTGT-1","G1"
"CAACCAAGTGTGCCTG-1","G1"
"CAACCAAGTTTAAGCC-1","G1"
"CAACCAATCTGGTTCC-1","G1"
"CAACCAATCTGTGCAA-1","M"
"CAACCTCAGAGGGCTT-1","G1S"
"CAACCTCAGCGCTTAT-1","G1"
"CAACCTCAGGTGATTA-1","G1"
"CAACCTCGTGTGGCTC-1","G1"
"CAACCTCTCACGAAGG-1","G1"
"CAACCTCTCACTCTTA-1","G1"
"CAACTAGAGAAACCTA-1","G1"
"CAACTAGAGAATTCCC-1","M"
"CAACTAGCAGATGAGC-1","G1"
"CAACTAGCAGCATGAG-1","G1"
"CAACTAGCAGCCAATT-1","G1"
"CAACTAGCATGCATGT-1","G1S"
"CAACTAGGTAGATTAG-1","G1"
"CAACTAGGTCTGGTCG-1","G1"
"CAACTAGTCCTGTAGA-1","M"
"CAAGAAAGTACCGTTA-1","G1"
"CAAGAAAGTCTGCCAG-1","G1"
"CAAGAAAGTGTCGCTG-1","G1"
"CAAGAAAGTTACGGAG-1","G1"
"CAAGAAAGTTCAACCA-1","G1"
"CAAGAAAGTTCGTTGA-1","G1"
"CAAGATCAGATAGGAG-1","M"
"CAAGATCAGGCACATG-1","G1"
"CAAGATCCAAGTCTGT-1","G1S"
"CAAGATCCAATAGAGT-1","M"
"CAAGATCGTACAAGTA-1","M"
"CAAGATCGTAGCTGCC-1","G1"
"CAAGATCGTCTCTCGT-1","G1"
"CAAGATCTCGTTACAG-1","G2"
"CAAGGCCAGCCACGTC-1","G1"
"CAAGGCCAGCGATATA-1","G1S"
"CAAGGCCAGCGCCTCA-1","G1S"
"CAAGGCCCATCCGGGT-1","G1"
"CAAGTTGAGTTCGCAT-1","G1S"
"CAAGTTGCATCTCCCA-1","G1"
"CAAGTTGGTACCTACA-1","G1"
"CAAGTTGTCAGCAACT-1","M"
"CAAGTTGTCAGTGTTG-1","G1S"
"CAAGTTGTCTTCGAGA-1","G1"
"CACAAACCAAATTGCC-1","G1"
"CACAAACCACCGTTGG-1","G1S"
"CACAAACGTCTTGTCC-1","G1"
"CACAAACGTGTTGGGA-1","G1S"
"CACAAACGTTGTGGCC-1","G1"
"CACAAACTCAAACCGT-1","G1"
"CACAAACTCAGCAACT-1","G1"
"CACAAACTCGGGAGTA-1","G1"
"CACACAACATGCTAGT-1","G1"
"CACACAAGTCATGCAT-1","G1"
"CACACAAGTCCCGACA-1","G1"
"CACACAATCTCCTATA-1","G1"
"CACACAATCTCTGAGA-1","G1"
"CACACCTAGCCAGTTT-1","G1S"
"CACACCTAGGCAAAGA-1","G1S"
"CACACCTCACCACGTG-1","G2M"
"CACACCTCACTGCCAG-1","G1"
"CACACCTGTCCATCCT-1","G1"
"CACACCTGTTGGACCC-1","G1S"
"CACACCTTCAACCATG-1","G1"
"CACACCTTCACATAGC-1","G1"
"CACACCTTCGAACGGA-1","G1"
"CACACCTTCGATAGAA-1","G1S"
"CACACTCAGCGACGTA-1","M"
"CACACTCAGGCCATAG-1","G1"
"CACACTCAGTAGGCCA-1","G1"
"CACACTCGTTAGTGGG-1","M"
"CACACTCTCAGGTAAA-1","G2"
"CACACTCTCGATCCCT-1","G1"
"CACACTCTCTCGTTTA-1","G1"
"CACACTCTCTCTAAGG-1","G1"
"CACAGGCAGACTACAA-1","G1S"
"CACAGGCAGTTTCCTT-1","G1"
"CACAGGCTCTGTCTAT-1","S"
"CACAGTACAAGGCTCC-1","M"
"CACAGTACAGCTATTG-1","M"
"CACAGTAGTTTAAGCC-1","G1"
"CACAGTATCCGGGTGT-1","G1"
"CACAGTATCGTCCGTT-1","G1"
"CACAGTATCTGGCGTG-1","G1"
"CACATAGAGAAACCTA-1","G1"
"CACATAGAGCGCTTAT-1","G1"
"CACATAGAGCGTAGTG-1","M"
"CACATAGAGTTACGGG-1","G1S"
"CACATAGTCAACTCTT-1","G2M"
"CACATAGTCGCAAACT-1","M"
"CACATTTAGCGCTTAT-1","M"
"CACATTTAGCGTAATA-1","G1"
"CACATTTAGGGATCTG-1","G1S"
"CACATTTAGTGAACAT-1","G2M"
"CACATTTGTACCCAAT-1","G1"
"CACATTTGTAGCGATG-1","G1"
"CACATTTGTTGGGACA-1","G1"
"CACATTTTCAGTCCCT-1","M"
"CACATTTTCCTAGGGC-1","G1"
"CACCACTCATCCGCGA-1","G1S"
"CACCACTCATGTAGTC-1","G1S"
"CACCAGGAGCGCCTTG-1","G1"
"CACCAGGAGGCACATG-1","M"
"CACCAGGCAAGGGTCA-1","G1"
"CACCAGGCAGACGTAG-1","G1"
"CACCAGGCATGGATGG-1","G2M"
"CACCAGGGTAGCAAAT-1","G1"
"CACCAGGGTTGAGGTG-1","G1"
"CACCAGGTCACCACCT-1","M"
"CACCTTGAGACAAAGG-1","G1"
"CACCTTGAGCGACGTA-1","G1"
"CACCTTGCACCGAATT-1","G1"
"CACCTTGGTTCCACAA-1","G1"
"CACCTTGTCTCATTCA-1","G1"
"CACTCCAAGACACGAC-1","G1"
"CACTCCAAGAGACTAT-1","G1"
"CACTCCAAGCCTCGTG-1","G1"
"CACTCCAAGCGTCTAT-1","G1"
"CACTCCAAGTTCGATC-1","G2"
"CACTCCACACATGGGA-1","G1"
"CACTCCACACCAACCG-1","G1"
"CACTCCATCAGTTTGG-1","G1"
"CACTCCATCGCCTGAG-1","M"
"CACTCCATCTGAAAGA-1","G1"
"CACTCCATCTGCAGTA-1","G1"
"CACTCCATCTTATCTG-1","G1S"
"CAGAATCAGACGCACA-1","M"
"CAGAATCAGATGTTAG-1","G1S"
"CAGAATCGTGTTTGGT-1","M"
"CAGAATCTCAATAAGG-1","G1S"
"CAGAGAGAGGCCCTCA-1","M"
"CAGAGAGCAAGGACAC-1","G1"
"CAGAGAGCACATTTCT-1","G1"
"CAGAGAGCAGTCACTA-1","G1"
"CAGAGAGGTCTTTCAT-1","G1"
"CAGAGAGTCCTGCAGG-1","G1"
"CAGAGAGTCTACGAGT-1","G1"
"CAGATCAAGAAGGTTT-1","G1"
"CAGATCACAAGTTGTC-1","M"
"CAGATCACAATCAGAA-1","G1"
"CAGATCACATATGGTC-1","G1"
"CAGATCAGTCCCTTGT-1","M"
"CAGATCATCAATCACG-1","M"
"CAGATCATCACGCGGT-1","M"
"CAGATCATCCCATTTA-1","G1"
"CAGATCATCCCTTGTG-1","G1"
"CAGCAGCCAAGTCTAC-1","M"
"CAGCAGCCACCAGTTA-1","G1"
"CAGCAGCCAGCTGTTA-1","M"
"CAGCAGCGTCTGCCAG-1","S"
"CAGCAGCGTTGTACAC-1","G1"
"CAGCATAAGAACTCGG-1","G1"
"CAGCATAGTCTAAAGA-1","G1"
"CAGCATAGTGGGTCAA-1","G2M"
"CAGCATATCTGTCCGT-1","G1"
"CAGCCGAAGACTTGAA-1","G1"
"CAGCCGACAACGATGG-1","G1S"
"CAGCCGACACAGACTT-1","G1"
"CAGCCGACAGCATACT-1","M"
"CAGCCGACAGGAATGC-1","G1"
"CAGCCGACATGCTAGT-1","G1"
"CAGCCGAGTTTAGCTG-1","G1"
"CAGCCGATCTGCAGTA-1","G1"
"CAGCGACAGCGTCTAT-1","G1S"
"CAGCGACAGGAGTTGC-1","G1S"
"CAGCGACAGGCCCGTT-1","G1"
"CAGCGACGTGACTACT-1","M"
"CAGCGACTCAGTCAGT-1","G2M"
"CAGCGACTCCCTCAGT-1","G1"
"CAGCGACTCCTAAGTG-1","G1"
"CAGCGACTCGATCCCT-1","G1"
"CAGCGACTCTGAGGGA-1","G1"
"CAGCTAAAGATCACGG-1","M"
"CAGCTAAAGCCTCGTG-1","G1S"
"CAGCTAAAGTAGCCGA-1","G1S"
"CAGCTAAAGTGTTGAA-1","G2M"
"CAGCTAACATACTCTT-1","G1S"
"CAGCTAAGTCTAACGT-1","S"
"CAGCTAATCGCGCCAA-1","G1"
"CAGCTGGAGAGGGATA-1","G1"
"CAGCTGGAGCCATCGC-1","G1"
"CAGCTGGGTAACGACG-1","G1S"
"CAGCTGGGTATCAGTC-1","G1"
"CAGGTGCAGTACGTAA-1","G1"
"CAGGTGCCATGGGACA-1","G2M"
"CAGGTGCTCACCAGGC-1","G1"
"CAGGTGCTCCAAGTAC-1","G1S"
"CAGTAACCACAACGTT-1","G1S"
"CAGTAACCATTTCACT-1","G1"
"CAGTAACGTAAATGTG-1","M"
"CAGTAACGTCCGAAGA-1","G1"
"CAGTAACGTTGAACTC-1","G1"
"CAGTAACTCACTCTTA-1","M"
"CAGTAACTCATCGGAT-1","G1"
"CAGTAACTCCTCTAGC-1","G1"
"CAGTAACTCGCTAGCG-1","G1"
"CAGTAACTCGGCTACG-1","G1"
"CAGTAACTCTGACCTC-1","M"
"CAGTCCTCAAACAACA-1","G1"
"CAGTCCTCAAACGCGA-1","G1"
"CAGTCCTCAGGGTATG-1","G1"
"CAGTCCTCATCAGTCA-1","G1"
"CAGTCCTCATGCAACT-1","G1"
"CAGTCCTTCATCTGTT-1","G1S"
"CAGTCCTTCCCTCTTT-1","G1"
"CATATGGAGCTAACTC-1","G1"
"CATATGGCACGACTCG-1","G1S"
"CATATGGCATTCTCAT-1","G1"
"CATATGGGTCAATGTC-1","S"
"CATATGGTCAAAGTAG-1","M"
"CATATTCAGAATAGGG-1","G1S"
"CATATTCCAGTGAGTG-1","G1S"
"CATATTCGTGGCTCCA-1","G1"
"CATATTCGTTCCGGCA-1","G1"
"CATATTCGTTGGTGGA-1","G1"
"CATCAAGAGAAAGTGG-1","G1S"
"CATCAAGAGAGTACCG-1","M"
"CATCAAGAGCTGCAAG-1","G1"
"CATCAAGAGGACCACA-1","M"
"CATCAAGAGTGGGCTA-1","M"
"CATCAAGCACAACTGT-1","G2M"
"CATCAAGGTGCGGTAA-1","G1"
"CATCAAGGTGCTAGCC-1","M"
"CATCAAGGTGTTTGGT-1","G2M"
"CATCAAGGTTCCAACA-1","G1"
"CATCAAGGTTTACTCT-1","G1"
"CATCAAGTCACAGTAC-1","G1S"
"CATCAAGTCTTATCTG-1","G1"
"CATCAGAAGGCTCTTA-1","G1"
"CATCAGAAGGGATCTG-1","G1"
"CATCAGAAGGGTGTGT-1","G1"
"CATCAGACAGACTCGC-1","G1"
"CATCAGACATACTCTT-1","G1"
"CATCAGAGTCATATCG-1","G1"
"CATCAGAGTCCGCTGA-1","G2"
"CATCAGATCTGTACGA-1","G1"
"CATCCACAGCGTCAAG-1","G1S"
"CATCCACCAGCAGTTT-1","G1"
"CATCCACCATCTGGTA-1","G1"
"CATCCACTCCTAGTGA-1","G2"
"CATCGAAAGAGCTTCT-1","G1"
"CATCGAAAGCAATCTC-1","G1"
"CATCGAAAGCTAACAA-1","M"
"CATCGAAAGTTTGCGT-1","G1"
"CATCGAAGTTAAAGAC-1","G1S"
"CATCGAAGTTAGATGA-1","G1"
"CATCGAATCACATGCA-1","G1"
"CATCGAATCTGTCCGT-1","M"
"CATCGGGAGAAGCCCA-1","G1"
"CATCGGGAGCGTCTAT-1","G1"
"CATCGGGCAGGCTGAA-1","M"
"CATCGGGCAGGGCATA-1","G1"
"CATCGGGGTGGCTCCA-1","G1S"
"CATCGGGTCCAAGTAC-1","G1"
"CATCGGGTCGCCCTTA-1","G1"
"CATCGGGTCGCTTGTC-1","G1"
"CATGACACAATGGAGC-1","M"
"CATGACACAGGACGTA-1","M"
"CATGACAGTAGCCTCG-1","G1"
"CATGCCTAGCCAGTAG-1","G1"
"CATGCCTCAACGATCT-1","M"
"CATGCCTCAGACAAAT-1","G1"
"CATGCCTGTACGACCC-1","G1"
"CATGCCTGTATCTGCA-1","G1"
"CATGCCTTCCCAAGAT-1","G1"
"CATGCCTTCTCGTTTA-1","G1"
"CATGGCGAGGTACTCT-1","G1"
"CATGGCGAGTGTCCCG-1","M"
"CATGGCGCAGATGGGT-1","G2M"
"CATGGCGGTCAGGACA-1","M"
"CATGGCGGTGATAAGT-1","G1"
"CATGGCGTCAACGGGA-1","G1"
"CATGGCGTCAGTACGT-1","G2"
"CATGGCGTCGCCAGCA-1","G1"
"CATGGCGTCTTCGGTC-1","G2M"
"CATTATCAGCTAGTGG-1","G1"
"CATTATCAGTGGAGAA-1","G1"
"CATTATCCACTAGTAC-1","M"
"CATTATCCATAAGACA-1","G1"
"CATTATCCATGAGCGA-1","G1"
"CATTATCTCACCTTAT-1","M"
"CATTCGCAGCACCGCT-1","G1"
"CATTCGCAGCCAACAG-1","G1"
"CATTCGCAGGGAGTAA-1","G1S"
"CATTCGCAGTAATCCC-1","G1"
"CATTCGCCAAGAAGAG-1","M"
"CATTCGCCACAGATTC-1","G1"
"CATTCGCCATACTACG-1","G1"
"CATTCGCCATTAGGCT-1","S"
"CATTCGCGTGAGGGTT-1","G1S"
"CATTCGCGTTGTACAC-1","G1"
"CATTCGCTCGTGGTCG-1","G1"
"CATTCGCTCTCTAAGG-1","G2"
"CCAATCCAGCCAGTTT-1","G1"
"CCAATCCAGGCTAGGT-1","G1"
"CCAATCCCAGGTCCAC-1","M"
"CCAATCCGTGATGCCC-1","G2M"
"CCAATCCTCCGCTGTT-1","G1S"
"CCAATCCTCGTTACAG-1","G1"
"CCACCTACACTCTGTC-1","G1"
"CCACCTAGTCTGGAGA-1","G1S"
"CCACGGAAGATCCGAG-1","G1"
"CCACGGACAATGGACG-1","G1"
"CCACGGACATGAAGTA-1","M"
"CCACGGAGTACGCTGC-1","G1"
"CCACGGAGTCGAACAG-1","M"
"CCACGGATCCAATGGT-1","G1"
"CCACGGATCCATGAGT-1","M"
"CCACTACCACGAAACG-1","M"
"CCACTACGTCATCGGC-1","G1"
"CCACTACGTTGGGACA-1","G1"
"CCACTACTCATTGCGA-1","G1"
"CCACTACTCTGGCGAC-1","G1S"
"CCAGCGAAGCCAGTTT-1","G1"
"CCAGCGAAGTAATCCC-1","G1"
"CCAGCGAAGTAGCCGA-1","M"
"CCAGCGAAGTGTGAAT-1","G1S"
"CCAGCGACAGTCGATT-1","G1"
"CCAGCGAGTACGACCC-1","G1"
"CCAGCGAGTCGGGTCT-1","G1"
"CCAGCGATCAAACGGG-1","G1"
"CCAGCGATCGTTTGCC-1","G1"
"CCAGCGATCTTCTGGC-1","G1"
"CCATGTCAGTACGATA-1","G1"
"CCATGTCAGTTTAGGA-1","G1"
"CCATGTCCAAGCCCAC-1","G1"
"CCATGTCCAATGGAAT-1","G1"
"CCATGTCCAGGTCTCG-1","G1"
"CCATGTCGTAAGTAGT-1","G1"
"CCATGTCGTATGGTTC-1","G1"
"CCATGTCGTCGCCATG-1","G1"
"CCATGTCTCACTTCAT-1","G1S"
"CCATGTCTCCTCGCAT-1","G1"
"CCATGTCTCGCCCTTA-1","G1"
"CCATTCGAGACTCGGA-1","G1"
"CCATTCGGTAAGTGGC-1","G1"
"CCATTCGGTTGAGTTC-1","G1S"
"CCATTCGGTTGCGTTA-1","G1"
"CCATTCGTCCGCGTTT-1","G1"
"CCATTCGTCGATCCCT-1","M"
"CCATTCGTCGCCGTGA-1","G1"
"CCCAATCAGATCCGAG-1","G1"
"CCCAATCAGCCAGGAT-1","G1"
"CCCAATCCAGATGAGC-1","G1"
"CCCAATCCAGCAGTTT-1","M"
"CCCAATCCATGAACCT-1","G1"
"CCCAATCTCACTGGGC-1","G1"
"CCCAATCTCGTTTGCC-1","G1"
"CCCAGTTAGGGAACGG-1","G1"
"CCCAGTTCAATAGCAA-1","G1"
"CCCAGTTCACATCCAA-1","G1"
"CCCAGTTCAGGGTACA-1","G2M"
"CCCAGTTTCAATCTCT-1","G1S"
"CCCAGTTTCACCACCT-1","G1"
"CCCAGTTTCATAGCAC-1","G1S"
"CCCAGTTTCCCAAGTA-1","G1"
"CCCAGTTTCTTGAGAC-1","G1"
"CCCATACAGCACACAG-1","G1"
"CCCATACAGCAGACTG-1","G1"
"CCCATACAGCCAGAAC-1","G1"
"CCCATACAGCGACGTA-1","M"
"CCCATACCAAGCGAGT-1","G1S"
"CCCATACGTCGTCTTC-1","G1"
"CCCATACGTTCTCATT-1","M"
"CCCTCCTCAAAGCAAT-1","G1S"
"CCCTCCTCACCAGCAC-1","G1S"
"CCCTCCTCAGGGTTAG-1","G1"
"CCCTCCTCATCTCCCA-1","G1"
"CCCTCCTGTAGGGTAC-1","M"
"CCCTCCTGTCAAGCGA-1","G1"
"CCCTCCTGTCAGGACA-1","M"
"CCCTCCTGTTCAGCGC-1","M"
"CCCTCCTTCACCACCT-1","G1S"
"CCCTCCTTCAGAAATG-1","G1"
"CCGGGATAGTACGCGA-1","G1"
"CCGGGATAGTAGGTGC-1","M"
"CCGGGATAGTATCTCG-1","G1"
"CCGGGATCAGTTCCCT-1","G1S"
"CCGGGATGTTATGCGT-1","G2"
"CCGGGATGTTCCACAA-1","G1"
"CCGGGATGTTCCGGCA-1","G2M"
"CCGGGATTCACCATAG-1","G1"
"CCGGTAGAGAATTCCC-1","G1"
"CCGGTAGAGACTAAGT-1","G1"
"CCGGTAGAGGACGAAA-1","G1S"
"CCGGTAGAGGGTGTTG-1","M"
"CCGGTAGGTATAGGTA-1","G2M"
"CCGGTAGTCGGTTAAC-1","G1"
"CCGTACTAGCCTCGTG-1","G1S"
"CCGTACTCAGCTCCGA-1","G1"
"CCGTACTGTACCGCTG-1","G1"
"CCGTACTTCGCTGATA-1","G1"
"CCGTGGACAACTGCGC-1","G1"
"CCGTGGACACCACGTG-1","G1S"
"CCGTGGACACTTAAGC-1","M"
"CCGTGGACATCTACGA-1","M"
"CCGTGGATCCTTCAAT-1","G1"
"CCGTTCAAGCCTCGTG-1","G1"
"CCGTTCACATAGACTC-1","G1"
"CCGTTCAGTCTGATTG-1","G1"
"CCGTTCAGTGATAAGT-1","M"
"CCGTTCAGTTCTGAAC-1","G1"
"CCGTTCAGTTTAGGAA-1","G1"
"CCGTTCATCCCAGGTG-1","G1S"
"CCGTTCATCGTTTGCC-1","G1"
"CCTAAAGAGAATGTGT-1","G1"
"CCTAAAGAGAGTACCG-1","G1"
"CCTAAAGAGCTGCCCA-1","G1"
"CCTAAAGCAACTTGAC-1","M"
"CCTAAAGCACACTGCG-1","G2M"
"CCTAAAGCACTACAGT-1","M"
"CCTAAAGGTAAGGGCT-1","G1"
"CCTAAAGGTACAGTGG-1","M"
"CCTAAAGGTCCGTCAG-1","G1"
"CCTAAAGTCGCCTGTT-1","G1S"
"CCTAAAGTCGCTGATA-1","M"
"CCTACACGTTAAGAAC-1","G1"
"CCTACACTCACAATGC-1","G1S"
"CCTACACTCGGTCCGA-1","M"
"CCTACCAAGTCATGCT-1","G1"
"CCTACCACAAGTACCT-1","G1"
"CCTACCACAGTCAGCC-1","G2"
"CCTACCAGTCCTAGCG-1","G1S"
"CCTACCAGTGAGGGAG-1","G1"
"CCTACCAGTTACCAGT-1","G1"
"CCTACCAGTTGCCTCT-1","G1"
"CCTACCATCGCATGAT-1","G1"
"CCTACCATCTCCAGGG-1","G1"
"CCTAGCTAGGCTCATT-1","G2"
"CCTAGCTAGTACTTGC-1","M"
"CCTAGCTCAAGTCATC-1","G1"
"CCTAGCTCACTGCCAG-1","G1"
"CCTAGCTCATGAACCT-1","G1S"
"CCTAGCTGTAGAGTGC-1","G1"
"CCTAGCTGTCAAGCGA-1","G1"
"CCTAGCTGTCTGCCAG-1","G1"
"CCTAGCTGTGACAAAT-1","M"
"CCTAGCTTCACCTTAT-1","G1"
"CCTAGCTTCCAACCAA-1","G1"
"CCTATTAAGCTCCTTC-1","S"
"CCTATTAAGGATATAC-1","M"
"CCTATTAAGTAGCGGT-1","G1"
"CCTATTACAGCCTATA-1","M"
"CCTATTACATCCGTGG-1","G2"
"CCTATTAGTAAGAGAG-1","G1S"
"CCTATTAGTATCTGCA-1","G1"
"CCTATTAGTCACACGC-1","M"
"CCTATTAGTCCATCCT-1","G1S"
"CCTATTAGTGGTCTCG-1","G1"
"CCTATTAGTTTGTGTG-1","G1"
"CCTATTATCCGAACGC-1","G1S"
"CCTATTATCTCGTATT-1","G1"
"CCTCAGTAGGTAAACT-1","G1S"
"CCTCAGTCACGCTTTC-1","M"
"CCTCAGTCAGACAAAT-1","G1S"
"CCTCAGTCAGCTGTGC-1","M"
"CCTCAGTCATCCCATC-1","G1"
"CCTCAGTGTCACCTAA-1","G1"
"CCTCAGTGTTTACTCT-1","G1"
"CCTCAGTTCCCTCAGT-1","G1"
"CCTCAGTTCTAACTTC-1","G1"
"CCTCTGACAAGCCTAT-1","M"
"CCTCTGACATCTATGG-1","G1"
"CCTCTGAGTAAGCACG-1","G1"
"CCTCTGAGTGGGTATG-1","G2"
"CCTCTGAGTGGTCTCG-1","G1"
"CCTCTGAGTGTTCGAT-1","G1"
"CCTCTGAGTTCTGTTT-1","G1"
"CCTCTGATCCAAGTAC-1","M"
"CCTCTGATCGCTGATA-1","G1"
"CCTTACGAGCCGGTAA-1","G1"
"CCTTACGCAAAGGTGC-1","G1"
"CCTTACGCAGGTCTCG-1","G1"
"CCTTACGGTTGGAGGT-1","G1"
"CCTTCCCCACATCCGG-1","G1"
"CCTTCCCCAGACGCCT-1","M"
"CCTTCCCGTCAGAAGC-1","G1"
"CCTTCCCGTGTGACGA-1","G1S"
"CCTTCCCGTTCAGGCC-1","G1"
"CCTTCCCTCAGCTCTC-1","G1"
"CCTTCGACAGCTGCAC-1","G1"
"CCTTCGAGTACAGTGG-1","M"
"CCTTCGAGTAGAGGAA-1","G1"
"CCTTCGAGTAGCGCTC-1","G2"
"CCTTCGAGTCTAAAGA-1","G1"
"CCTTCGAGTCTAGGTT-1","M"
"CCTTCGATCAAACGGG-1","G1"
"CCTTCGATCCACGTTC-1","G1S"
"CCTTCGATCCTGTAGA-1","M"
"CCTTTCTAGCGTGTCC-1","G1"
"CCTTTCTAGTGGGCTA-1","G1"
"CCTTTCTCACCAACCG-1","G1"
"CCTTTCTCACGGTAAG-1","G1S"
"CCTTTCTGTCCGTGAC-1","M"
"CCTTTCTTCAGAAATG-1","G1"
"CCTTTCTTCGCGTAGC-1","G1"
"CCTTTCTTCTATCCCG-1","G1"
"CGAACATAGGAATGGA-1","G1"
"CGAACATAGGGAACGG-1","G2"
"CGAACATCAATCTACG-1","G1"
"CGAACATCAGCGTAAG-1","G1"
"CGAACATCATGTCTCC-1","G1"
"CGAACATCATTCGACA-1","G1"
"CGAACATGTAGCTGCC-1","G1"
"CGAACATGTGACAAAT-1","M"
"CGAATGTAGTTGAGTA-1","G1"
"CGAATGTCAAGCCCAC-1","G1"
"CGAATGTCAGTTTACG-1","G1"
"CGAATGTGTAACGACG-1","M"
"CGAATGTGTCTCTTAT-1","G1S"
"CGAATGTTCTTCGGTC-1","G1S"
"CGAATGTTCTTTACGT-1","G1"
"CGACCTTAGCGCTCCA-1","G1"
"CGACCTTCAGGAATGC-1","G1"
"CGACCTTGTATTAGCC-1","S"
"CGACCTTGTTGGTAAA-1","G1"
"CGACCTTTCTACTTAC-1","M"
"CGACTTCCAAGTAGTA-1","G1S"
"CGACTTCGTCAACATC-1","M"
"CGACTTCGTGAGGCTA-1","M"
"CGACTTCGTGGTGTAG-1","G1"
"CGACTTCTCAAGCCTA-1","G1"
"CGACTTCTCTCGGACG-1","M"
"CGAGAAGAGATACACA-1","G1"
"CGAGAAGAGCCGATTT-1","G1"
"CGAGAAGAGTACGACG-1","G1"
"CGAGAAGCAGGAACGT-1","G1S"
"CGAGAAGGTCGAGTTT-1","G1"
"CGAGAAGGTCTCTCGT-1","G1"
"CGAGAAGTCCCAAGAT-1","G1"
"CGAGCACAGAGCTATA-1","G1S"
"CGAGCACAGAGTACAT-1","G1S"
"CGAGCACAGATGCCAG-1","G1"
"CGAGCACAGTACACCT-1","G1"
"CGAGCACAGTGCAAGC-1","G1"
"CGAGCACCATAAAGGT-1","G1"
"CGAGCACCATCCGTGG-1","G1"
"CGAGCACGTGTTGAGG-1","M"
"CGAGCACTCAAACGGG-1","G1"
"CGAGCACTCCTTCAAT-1","G1"
"CGAGCACTCTATCGCC-1","G1S"
"CGAGCCAAGAAACCGC-1","G1"
"CGAGCCAAGAATTGTG-1","G1"
"CGAGCCAAGCTTTGGT-1","G2"
"CGAGCCAAGGAATCGC-1","G1"
"CGAGCCACACAAGTAA-1","G1"
"CGAGCCACACTCGACG-1","G1"
"CGAGCCACAGTAAGAT-1","G1"
"CGAGCCAGTACCATCA-1","G1S"
"CGAGCCAGTTTGGGCC-1","G2M"
"CGAGCCATCCTCGCAT-1","G1"
"CGATCGGAGCCACGCT-1","M"
"CGATCGGAGCCACTAT-1","G1"
"CGATCGGCATCGATTG-1","G1S"
"CGATCGGCATTCACTT-1","M"
"CGATCGGGTACGAAAT-1","G1"
"CGATCGGGTGCCTGCA-1","G1"
"CGATCGGGTTTGTTTC-1","G1"
"CGATGGCCAAATTGCC-1","G1"
"CGATGGCCAGACGCCT-1","G1"
"CGATGGCCAGGCTGAA-1","G1"
"CGATGGCCATCTGGTA-1","G1"
"CGATGGCGTCACCTAA-1","G1"
"CGATGGCGTCGTCTTC-1","G1"
"CGATGGCGTCGTGGCT-1","M"
"CGATGGCGTTACCGAT-1","G1"
"CGATGGCTCGGTCTAA-1","G1"
"CGATGTAAGGATGCGT-1","G1S"
"CGATGTACAAGGCTCC-1","G1"
"CGATGTACACTGTCGG-1","G1S"
"CGATGTACAGATCTGT-1","G1"
"CGATGTACAGGAATGC-1","G2M"
"CGATGTACAGGGTACA-1","G1"
"CGATGTACATTTGCCC-1","G1S"
"CGATGTAGTCATCCCT-1","G1"
"CGATGTAGTCGATTGT-1","G1S"
"CGATGTATCCGGGTGT-1","M"
"CGATTGAAGCCTCGTG-1","G1"
"CGATTGAAGCGTAATA-1","M"
"CGATTGAAGTGGTCCC-1","G2"
"CGATTGACAAAGCGGT-1","G1"
"CGATTGACACGAAAGC-1","G1S"
"CGATTGAGTCGGCATC-1","G1"
"CGATTGAGTTCGCGAC-1","G1"
"CGATTGATCTGGTTCC-1","G1"
"CGCCAAGAGACCGGAT-1","G1"
"CGCCAAGAGCGATTCT-1","G1"
"CGCCAAGAGGTTACCT-1","G1"
"CGCCAAGCAATCAGAA-1","G1"
"CGCCAAGCAGGACCCT-1","G1"
"CGCCAAGCAGGGTATG-1","G1"
"CGCCAAGCATATGGTC-1","G1"
"CGCCAAGTCAGCACAT-1","G2M"
"CGCGGTAAGAAACGCC-1","G1"
"CGCGGTAAGAGCCTAG-1","G1"
"CGCGGTACACTCGACG-1","G1"
"CGCGGTACACTGTCGG-1","G1S"
"CGCGGTACAGGAATGC-1","G1"
"CGCGGTAGTAGAGTGC-1","G2M"
"CGCGGTAGTTTAGCTG-1","G2"
"CGCGGTATCCTATGTT-1","S"
"CGCGGTATCCTTTACA-1","G2M"
"CGCGTTTCAAAGGAAG-1","G1"
"CGCGTTTCAAGCGATG-1","G1"
"CGCGTTTCAAGTCATC-1","G1S"
"CGCGTTTCATAAAGGT-1","G1"
"CGCGTTTCATTCGACA-1","S"
"CGCGTTTGTCGTCTTC-1","G1S"
"CGCGTTTGTGGACGAT-1","G1"
"CGCGTTTGTGTAAGTA-1","M"
"CGCGTTTTCCTTTCTC-1","G1S"
"CGCGTTTTCTTGAGGT-1","G1"
"CGCTATCCACAAGACG-1","G1"
"CGCTATCGTTACGCGC-1","M"
"CGCTATCGTTCATGGT-1","G1"
"CGCTGGAAGAACTCGG-1","G1"
"CGCTGGACACAGGTTT-1","S"
"CGCTGGACACGGTTTA-1","G1"
"CGCTGGACATGGTCAT-1","G1"
"CGCTGGAGTCTCTTTA-1","G1"
"CGCTGGAGTTCATGGT-1","M"
"CGCTGGAGTTGGACCC-1","G1"
"CGCTGGATCTTGGGTA-1","M"
"CGCTTCAAGCTTATCG-1","G1"
"CGCTTCACAATCAGAA-1","G1"
"CGCTTCACACGGTGTC-1","G1"
"CGCTTCACAGACACTT-1","G1"
"CGCTTCATCCTTGACC-1","G1"
"CGCTTCATCGTAGATC-1","M"
"CGGACACAGCTGCCCA-1","G1S"
"CGGACACAGGCGTACA-1","G1"
"CGGACACCAAGCGCTC-1","G2"
"CGGACGTCACGGTGTC-1","G1S"
"CGGACGTGTTTGTGTG-1","M"
"CGGACGTTCCCAAGAT-1","M"
"CGGACTGAGAGACTAT-1","G1"
"CGGACTGAGGAGTTGC-1","G1S"
"CGGACTGCACAACTGT-1","M"
"CGGACTGCACCAGGTC-1","M"
"CGGACTGGTCGAATCT-1","G1"
"CGGACTGTCACTTACT-1","G2M"
"CGGACTGTCTGTCCGT-1","G1S"
"CGGAGCTAGGTCATCT-1","G1"
"CGGAGCTAGTGAACGC-1","G1S"
"CGGAGCTCAGTACACT-1","G1"
"CGGAGCTCATCGACGC-1","G1"
"CGGAGCTCATTTCACT-1","G1S"
"CGGAGCTGTGTGCCTG-1","G1"
"CGGAGCTGTTGTGGCC-1","G1"
"CGGAGTCAGGCTAGGT-1","S"
"CGGAGTCAGTCCCACG-1","G1"
"CGGAGTCCACCGCTAG-1","M"
"CGGAGTCGTCACTGGC-1","G1"
"CGGAGTCTCCGTCAAA-1","G1S"
"CGGCTAGAGATGTGGC-1","G1"
"CGGCTAGAGGTTACCT-1","G1S"
"CGGCTAGAGTGAAGTT-1","G1S"
"CGGCTAGCACACGCTG-1","G1"
"CGGCTAGGTAAGTGTA-1","G1"
"CGGCTAGGTACATCCA-1","M"
"CGGCTAGGTATAAACG-1","G1S"
"CGGCTAGTCATTTGGG-1","G1S"
"CGGCTAGTCGTTACAG-1","G1"
"CGGCTAGTCTGGTATG-1","G1"
"CGGGTCAAGCTCCCAG-1","G1"
"CGGGTCAAGTTGAGAT-1","G1S"
"CGGGTCACAAGGTGTG-1","G1"
"CGGGTCACAGCGTTCG-1","G1"
"CGGGTCAGTAGGCATG-1","G1"
"CGGGTCAGTGGGTATG-1","G1S"
"CGGGTCAGTTGAACTC-1","G1"
"CGGTTAAAGAAACGAG-1","G1"
"CGGTTAACATGTTCCC-1","G1"
"CGGTTAATCGTATCAG-1","G1"
"CGTAGCGAGCCAGTAG-1","G1"
"CGTAGCGAGCCCAACC-1","G1"
"CGTAGCGCACCTATCC-1","G1"
"CGTAGCGCACGTCAGC-1","G1"
"CGTAGCGCATCACCCT-1","G1"
"CGTAGCGTCAGAAATG-1","G1"
"CGTAGCGTCAGATAAG-1","G1S"
"CGTAGCGTCCTCGCAT-1","G1"
"CGTAGGCAGAGGGCTT-1","G1"
"CGTAGGCAGATTACCC-1","G1"
"CGTAGGCCATCACGAT-1","G1"
"CGTAGGCTCTGGAGCC-1","G1"
"CGTAGGCTCTGGTATG-1","G1"
"CGTCACTAGGCGATAC-1","G1"
"CGTCACTGTTGATTCG-1","G1S"
"CGTCACTTCCAGATCA-1","M"
"CGTCAGGCAGTAAGAT-1","G1"
"CGTCCATAGGTGATAT-1","G1"
"CGTCCATCACGTCTCT-1","G1"
"CGTCCATGTAGGAGTC-1","G1"
"CGTCCATGTCAAAGAT-1","G1"
"CGTCCATGTGTGACCC-1","M"
"CGTCTACAGGTGCTTT-1","G1"
"CGTCTACAGTCACGCC-1","G1"
"CGTCTACAGTCTTGCA-1","G1"
"CGTCTACAGTTCGCAT-1","G1"
"CGTCTACCACTTAACG-1","G1"
"CGTCTACCAGCGTAAG-1","G1"
"CGTCTACTCGGGAGTA-1","M"
"CGTGAGCAGGCACATG-1","M"
"CGTGAGCCACTGCCAG-1","G1S"
"CGTGAGCGTCTCACCT-1","G1S"
"CGTGAGCGTGTAACGG-1","G1"
"CGTGAGCTCTAGAGTC-1","G1"
"CGTGAGCTCTGCAGTA-1","G1"
"CGTGTAACAAGGTTTC-1","G1"
"CGTGTAACAGGTCGTC-1","G1"
"CGTGTAACATGGTAGG-1","G1"
"CGTGTAAGTGTGTGCC-1","G1"
"CGTGTCTGTACCGTAT-1","G1"
"CGTGTCTGTATCAGTC-1","G1"
"CGTGTCTGTCATCGGC-1","G1"
"CGTGTCTGTGCGAAAC-1","M"
"CGTGTCTTCACGCATA-1","G1"
"CGTGTCTTCCAGTATG-1","G1"
"CGTGTCTTCCGCATAA-1","G1"
"CGTGTCTTCTCTAAGG-1","S"
"CGTTAGAAGACAGAGA-1","G1"
"CGTTAGAAGGCTATCT-1","G1S"
"CGTTAGAAGTGGTAAT-1","G1S"
"CGTTAGAGTCTAACGT-1","M"
"CGTTAGATCGCTGATA-1","G1"
"CGTTAGATCTCGATGA-1","G1"
"CGTTAGATCTCTTATG-1","G1S"
"CGTTCTGCAAAGGTGC-1","G1S"
"CGTTCTGCACCGAATT-1","G1"
"CGTTCTGCAGCATACT-1","G1S"
"CGTTCTGCAGGTGCCT-1","M"
"CGTTCTGGTCTCTCGT-1","M"
"CGTTCTGTCAGCATGT-1","G1"
"CGTTGGGAGGACAGAA-1","G1"
"CGTTGGGCATCGGGTC-1","G1"
"CGTTGGGGTCAGGACA-1","M"
"CGTTGGGTCTCCCTGA-1","M"
"CGTTGGGTCTCTAGGA-1","M"
"CTAACTTAGAATGTTG-1","G2M"
"CTAACTTAGGACAGAA-1","G1"
"CTAACTTAGTCAAGCG-1","G1S"
"CTAACTTAGTCACGCC-1","G1"
"CTAACTTAGTGTCTCA-1","G1"
"CTAACTTGTAAGTGGC-1","G1"
"CTAACTTGTAGCCTAT-1","G1"
"CTAACTTTCTGCGACG-1","G2"
"CTAACTTTCTTTACAC-1","G1"
"CTAAGACCAAAGCAAT-1","G1"
"CTAAGACCACATAACC-1","G1"
"CTAAGACGTAGGGACT-1","G1"
"CTAAGACGTCTTCTCG-1","G1"
"CTAAGACGTCTTTCAT-1","G1"
"CTAAGACTCCCTAACC-1","G1S"
"CTAAGACTCCTACAGA-1","G1"
"CTAAGACTCTAACCGA-1","M"
"CTAATGGAGCCACTAT-1","G1"
"CTAATGGCAATGGACG-1","G1"
"CTAATGGCATTCCTGC-1","G1"
"CTAATGGGTACCGTTA-1","G1"
"CTAATGGGTCCGCTGA-1","G1"
"CTAATGGTCACTTATC-1","G1S"
"CTAATGGTCAGTGTTG-1","G1"
"CTAATGGTCGGCGCTA-1","G1"
"CTAATGGTCTTTACAC-1","G1S"
"CTACACCAGAATGTTG-1","M"
"CTACACCCAGGAACGT-1","G1"
"CTACACCCAGGGTTAG-1","G1"
"CTACACCCAGTCGATT-1","G1"
"CTACACCCATGTCGAT-1","G1"
"CTACACCTCTGCGGCA-1","G1"
"CTACACCTCTTGGGTA-1","G1"
"CTACATTCATGGTAGG-1","G1"
"CTACATTCATTGGGCC-1","G1S"
"CTACATTGTGCAGGTA-1","G1"
"CTACATTGTGCGATAG-1","G1"
"CTACATTGTTGACGTT-1","G1"
"CTACATTTCATCGATG-1","M"
"CTACATTTCGGTTCGG-1","G1"
"CTACCCAAGATGTGTA-1","M"
"CTACCCAAGCGGATCA-1","G1"
"CTACCCAAGTGTGAAT-1","G1"
"CTACCCACAATACGCT-1","G1S"
"CTACCCACAGGTGGAT-1","G1S"
"CTACCCACATACAGCT-1","G1"
"CTACCCACATAGACTC-1","G1"
"CTACCCACATGTCCTC-1","G1"
"CTACCCAGTCTAGCCG-1","G1"
"CTACCCATCATTTGGG-1","G1S"
"CTACCCATCTGTGCAA-1","G1"
"CTACCCATCTTGTACT-1","G1S"
"CTACGTCAGTATCTCG-1","G1"
"CTACGTCAGTCAAGGC-1","G1"
"CTACGTCCAGTGACAG-1","M"
"CTACGTCCATCTCGCT-1","G1"
"CTAGAGTAGGTCGGAT-1","G1"
"CTAGAGTAGTGTTAGA-1","G1"
"CTAGAGTCAGACACTT-1","G1S"
"CTAGAGTCATCGGTTA-1","G1"
"CTAGAGTGTCTTTCAT-1","G1"
"CTAGAGTTCGGTCTAA-1","G1"
"CTAGAGTTCTCCAGGG-1","G1"
"CTAGCCTAGCTCAACT-1","G1"
"CTAGCCTAGCTGCGAA-1","G1"
"CTAGCCTAGGTTACCT-1","M"
"CTAGCCTAGTACGATA-1","G1"
"CTAGCCTCAAAGTGCG-1","G1"
"CTAGCCTCAATGACCT-1","G1"
"CTAGCCTGTACCGCTG-1","G1"
"CTAGCCTGTACTTGAC-1","G1"
"CTAGCCTGTAGCTCCG-1","G1S"
"CTAGCCTGTCATACTG-1","G1"
"CTAGCCTGTTCGTCTC-1","G1S"
"CTAGCCTGTTGAGGTG-1","G1"
"CTAGCCTTCCCGGATG-1","G1"
"CTAGCCTTCGGACAAG-1","M"
"CTAGTGAAGCGCCTTG-1","M"
"CTAGTGAAGTGTACGG-1","G1"
"CTAGTGACAAACGCGA-1","G1"
"CTAGTGACAGCGATCC-1","G2"
"CTAGTGAGTAGTACCT-1","G1"
"CTAGTGAGTTCCATGA-1","G1"
"CTAGTGATCAAGCCTA-1","G2M"
"CTAGTGATCCATGAGT-1","G1"
"CTCACACAGACGCTTT-1","G2M"
"CTCACACAGAGGTACC-1","G1"
"CTCACACCACGGCCAT-1","G1"
"CTCACACCATCCTAGA-1","G1"
"CTCACACGTCGAGATG-1","G1"
"CTCACACTCGTCCGTT-1","G1"
"CTCAGAAAGCAGCCTC-1","G1"
"CTCAGAAAGGGTCGAT-1","S"
"CTCAGAACACATGTGT-1","G1"
"CTCAGAAGTGCGATAG-1","G1"
"CTCAGAATCTCGCATC-1","G1"
"CTCATTAAGATGTAAC-1","G2M"
"CTCATTACAATCTGCA-1","G1"
"CTCATTACAGCGAACA-1","G1S"
"CTCATTACATCGATGT-1","G1"
"CTCATTACATGCATGT-1","G1"
"CTCATTACATGCTAGT-1","G1"
"CTCATTAGTATCACCA-1","M"
"CTCATTAGTTACAGAA-1","M"
"CTCATTAGTTATCACG-1","G1"
"CTCCTAGAGGACAGCT-1","G1"
"CTCCTAGAGGACTGGT-1","G1"
"CTCCTAGCAGGTCTCG-1","G2"
"CTCCTAGCATCTATGG-1","G1S"
"CTCCTAGCATTCCTCG-1","G1S"
"CTCCTAGTCATTGCCC-1","G1S"
"CTCGAAAAGACAGGCT-1","M"
"CTCGAAAAGCACGCCT-1","G1"
"CTCGAAAAGCGACGTA-1","M"
"CTCGAAAAGGGTATCG-1","G1"
"CTCGAAACACTCAGGC-1","G1"
"CTCGAAAGTATGCTTG-1","G1"
"CTCGAAATCAGCTGGC-1","G1"
"CTCGAGGAGCATCATC-1","G1S"
"CTCGAGGTCTTCGGTC-1","G1"
"CTCGGAGAGCTCCCAG-1","G1S"
"CTCGGAGAGGATATAC-1","M"
"CTCGGAGAGGCTCATT-1","G1"
"CTCGGAGAGTGCAAGC-1","M"
"CTCGGAGAGTTCGATC-1","G1S"
"CTCGGAGCAACTGCGC-1","G1"
"CTCGGAGCACCCTATC-1","G1"
"CTCGGAGCATGGTAGG-1","S"
"CTCGGAGCATTGGTAC-1","G1S"
"CTCGGAGGTAAATGTG-1","M"
"CTCGGAGGTCCGAGTC-1","S"
"CTCGGAGGTTAAAGAC-1","M"
"CTCGGAGTCATCGGAT-1","M"
"CTCGGAGTCTGAGGGA-1","G1"
"CTCGGGAAGCAGATCG-1","M"
"CTCGGGAAGTGTACGG-1","M"
"CTCGGGAGTTACGCGC-1","G1"
"CTCGTACAGAGACGAA-1","G1"
"CTCGTACCAATGGAAT-1","M"
"CTCGTACCACATGACT-1","G1S"
"CTCGTACGTCACTGGC-1","G1"
"CTCGTACGTCTGCAAT-1","G1"
"CTCGTACTCCGCGCAA-1","G1"
"CTCGTACTCGGCTACG-1","G1"
"CTCGTCAAGACTGTAA-1","G1"
"CTCGTCAAGGTGATTA-1","G1"
"CTCGTCACAAAGGTGC-1","G1"
"CTCGTCAGTCCGTCAG-1","G1"
"CTCGTCAGTCTCTCTG-1","G1"
"CTCGTCAGTGGGTCAA-1","G1S"
"CTCGTCATCCAATGGT-1","G1"
"CTCGTCATCCTGTACC-1","M"
"CTCGTCATCTGTGCAA-1","G1"
"CTCTAATAGACGCTTT-1","G1"
"CTCTAATAGGACTGGT-1","G1"
"CTCTAATAGGCTAGAC-1","G1"
"CTCTAATCACCGCTAG-1","G1"
"CTCTAATGTTCCAACA-1","G1"
"CTCTAATTCAGTCAGT-1","M"
"CTCTAATTCAGTGTTG-1","G1"
"CTCTAATTCGGTTAAC-1","G1"
"CTCTAATTCTTTAGTC-1","G2M"
"CTCTACGAGGACTGGT-1","G1"
"CTCTACGAGGATGGTC-1","G1S"
"CTCTACGAGGCTCAGA-1","G1S"
"CTCTACGCAATGGAAT-1","G1"
"CTCTACGGTCATTAGC-1","G1"
"CTCTACGTCTTACCGC-1","G2M"
"CTCTGGTAGGGTGTTG-1","G1S"
"CTCTGGTCACAAGACG-1","G2M"
"CTCTGGTCAGTCGATT-1","S"
"CTCTGGTCATCGGACC-1","G1"
"CTCTGGTCATCTATGG-1","S"
"CTCTGGTGTCTCTTTA-1","G1"
"CTGAAACCAGGACGTA-1","G1"
"CTGAAACGTGGTTTCA-1","G1"
"CTGAAACTCATTGCGA-1","M"
"CTGAAACTCGTGGGAA-1","G1"
"CTGAAACTCTGCCAGG-1","G1S"
"CTGAAGTAGGGTTCCC-1","M"
"CTGAAGTCACCATGTA-1","G2"
"CTGAAGTCACCCTATC-1","G1"
"CTGAAGTCAGTGGAGT-1","G1"
"CTGAAGTGTACATCCA-1","G1"
"CTGAAGTGTAGGGACT-1","G2"
"CTGAAGTGTCTTGATG-1","G2M"
"CTGATAGCACAAGACG-1","M"
"CTGATAGCACTGTTAG-1","G1"
"CTGATCCCACATGTGT-1","G1"
"CTGATCCCATCGACGC-1","G2"
"CTGATCCGTCGCATAT-1","M"
"CTGATCCTCCAACCAA-1","G1"
"CTGATCCTCCGCAAGC-1","G1"
"CTGATCCTCGCATGAT-1","G2"
"CTGATCCTCTTCCTTC-1","M"
"CTGCCTAAGACAAAGG-1","G1"
"CTGCCTACAAGCGTAG-1","G1"
"CTGCCTACACCTCGTT-1","G1"
"CTGCCTACAGCTATTG-1","M"
"CTGCCTAGTCAAAGCG-1","G1"
"CTGCCTAGTCTAGTGT-1","G1"
"CTGCCTATCTTATCTG-1","G1"
"CTGCGGAAGACAAGCC-1","G1"
"CTGCGGAAGAGACTAT-1","G1S"
"CTGCGGAAGGTGCTTT-1","G1"
"CTGCGGAAGTCAAGCG-1","G1"
"CTGCGGAAGTCCGTAT-1","G1S"
"CTGCGGACACCAGCAC-1","G1S"
"CTGCGGACAGGGTATG-1","M"
"CTGCGGACATACGCCG-1","G1"
"CTGCGGAGTACCAGTT-1","G2"
"CTGCGGAGTACCGGCT-1","G1S"
"CTGCGGAGTCTCGTTC-1","M"
"CTGCGGAGTCTTCTCG-1","G1"
"CTGCGGAGTTCACGGC-1","G1S"
"CTGCGGAGTTCAGACT-1","G1S"
"CTGCTGTAGAATCTCC-1","G1S"
"CTGCTGTCAGCGTAAG-1","G1S"
"CTGCTGTCATTGGTAC-1","G1S"
"CTGCTGTTCTGTCTAT-1","M"
"CTGGTCTAGGGTGTTG-1","G1S"
"CTGGTCTGTGTTAAGA-1","G1"
"CTGTGCTAGAACAATC-1","G1"
"CTGTGCTCAATGGAGC-1","G1"
"CTGTGCTCATAGACTC-1","G1"
"CTGTGCTCATCCTTGC-1","G1"
"CTGTGCTGTTCAGACT-1","G2"
"CTGTGCTTCAACACGT-1","G1S"
"CTGTGCTTCCGCAAGC-1","G1"
"CTGTGCTTCTCAAGTG-1","M"
"CTGTTTACATATGCTG-1","G1S"
"CTGTTTACATCTACGA-1","S"
"CTGTTTAGTTAGTGGG-1","M"
"CTTAACTAGTACCGGA-1","G1"
"CTTAACTCAAACTGCT-1","G1"
"CTTAACTCAATGACCT-1","G1"
"CTTAACTCACGGACAA-1","M"
"CTTAACTGTAGCGCAA-1","G1"
"CTTACCGAGAGGACGG-1","G1"
"CTTACCGCACGGCCAT-1","G2"
"CTTACCGCAGTTAACC-1","G1"
"CTTACCGCAGTTCCCT-1","M"
"CTTACCGCATTTGCCC-1","G1"
"CTTACCGGTCAGAAGC-1","M"
"CTTACCGGTTCACGGC-1","G2"
"CTTAGGAAGCTAAACA-1","G1"
"CTTAGGAAGGATGGTC-1","G1"
"CTTAGGACAACACCTA-1","G1S"
"CTTAGGAGTCGCTTTC-1","G1S"
"CTTCTCTAGCATGGCA-1","G1"
"CTTCTCTAGCCTTGAT-1","G1S"
"CTTCTCTAGTAACCCT-1","G1"
"CTTCTCTCACACCGCA-1","G1"
"CTTCTCTCAGGTGGAT-1","G1S"
"CTTCTCTTCCAGAAGG-1","G1S"
"CTTCTCTTCCATTCTA-1","G1S"
"CTTGGCTAGAGTACCG-1","S"
"CTTGGCTCAATTGCTG-1","G1"
"CTTGGCTGTACTTAGC-1","G1"
"CTTGGCTGTGGTCTCG-1","G1"
"CTTGGCTTCGGCGCTA-1","G1"
"CTTTGCGAGAGAGCTC-1","G1"
"CTTTGCGAGATCCCGC-1","G1"
"CTTTGCGCAATCAGAA-1","G1"
"CTTTGCGCAATGTTGC-1","G2"
"CTTTGCGCACGGCGTT-1","G1"
"CTTTGCGCAGCGTCCA-1","G1"
"CTTTGCGGTAGGACAC-1","G1S"
"CTTTGCGTCACTTATC-1","G1"
"GAAACTCGTGATGATA-1","G1"
"GAAACTCTCAAGAAGT-1","G1S"
"GAAATGAAGAGCCCAA-1","G2"
"GAAATGACAAGGTTCT-1","G1S"
"GAAATGACAATGTTGC-1","G1"
"GAAATGACATGAAGTA-1","G1S"
"GAAATGATCAGTGTTG-1","G1"
"GAAATGATCCAATGGT-1","G1"
"GAAATGATCCGCTGTT-1","G1"
"GAAATGATCCTATTCA-1","G1"
"GAAATGATCGAACTGT-1","G1"
"GAAATGATCGGGAGTA-1","G1"
"GAAATGATCTCCCTGA-1","G1"
"GAAATGATCTTCATGT-1","G1"
"GAACATCAGCTCAACT-1","G1"
"GAACATCCACTCTGTC-1","G1"
"GAACATCCATGCCCGA-1","G2"
"GAACATCGTACTTGAC-1","G1"
"GAACATCGTCACCTAA-1","G1"
"GAACATCGTCGAAAGC-1","G1"
"GAACATCGTCGGCACT-1","M"
"GAACATCTCCCTCAGT-1","G1"
"GAACATCTCCTCAATT-1","G1"
"GAACATCTCTGTCAAG-1","G1"
"GAACATCTCTTGCCGT-1","G1S"
"GAACCTAAGCTAGGCA-1","M"
"GAACCTAAGGAGTTGC-1","G1"
"GAACCTAAGGCGATAC-1","G1S"
"GAACCTACAATAAGCA-1","M"
"GAACCTACAGCCTATA-1","G1S"
"GAACCTACATACGCTA-1","M"
"GAACCTAGTGTGGCTC-1","G1"
"GAACCTATCTTAGCCC-1","G1"
"GAACGGAAGAACTGTA-1","G1"
"GAACGGACAAGCGCTC-1","G1"
"GAACGGACAAGTTAAG-1","G1"
"GAACGGACAGCTCCGA-1","G2"
"GAACGGAGTAAAGGAG-1","G1"
"GAACGGAGTTGAGTTC-1","G2"
"GAAGCAGCACCGATAT-1","G1"
"GAAGCAGGTCCAGTAT-1","S"
"GAAGCAGGTCCGAACC-1","G1"
"GAAGCAGGTGAGTATA-1","G1"
"GAAGCAGGTTACTGAC-1","G1"
"GAAGCAGTCAACGGCC-1","G1"
"GAAGCAGTCCAAAGTC-1","M"
"GAATAAGCACTCGACG-1","G1"
"GAATAAGGTGGGTCAA-1","G1"
"GAATAAGTCCTGCAGG-1","G1S"
"GAATAAGTCGGTGTTA-1","G1S"
"GAATGAAAGTAGGTGC-1","G1"
"GAATGAACAACTGCTA-1","G1"
"GAATGAACACTGTGTA-1","G1"
"GAATGAACATCGATTG-1","G1S"
"GAATGAAGTAATTGGA-1","G1"
"GAATGAAGTCCTAGCG-1","G1"
"GAATGAATCACAGTAC-1","G1"
"GAATGAATCACCTTAT-1","G1"
"GACACGCCACCATGTA-1","G1S"
"GACACGCGTGACGGTA-1","G1"
"GACACGCGTTGATTGC-1","G1"
"GACACGCTCGCGCCAA-1","M"
"GACAGAGAGAATGTGT-1","G1"
"GACAGAGGTCGCTTCT-1","G1"
"GACAGAGGTGTTTGGT-1","G2"
"GACAGAGTCTCCCTGA-1","G1"
"GACCAATAGACCCACC-1","G1"
"GACCAATAGCTAACTC-1","G1S"
"GACCAATAGGATGGTC-1","G1"
"GACCAATAGGTACTCT-1","G1S"
"GACCAATAGTTACGGG-1","G1"
"GACCAATCATCTGGTA-1","G1S"
"GACCAATGTACCTACA-1","G1"
"GACCAATGTCGTTGTA-1","G1"
"GACCAATTCAACACAC-1","G1S"
"GACCAATTCGTTTATC-1","G1"
"GACCAATTCTTAACCT-1","G1"
"GACCTGGAGCTCCTTC-1","G1"
"GACCTGGCACATTCGA-1","G1"
"GACCTGGCACCTATCC-1","G1"
"GACCTGGCATCGGACC-1","G1"
"GACCTGGGTACCGCTG-1","G1"
"GACCTGGGTGCAGTAG-1","M"
"GACCTGGGTGTATGGG-1","G1"
"GACCTGGGTTACGCGC-1","G1"
"GACCTGGTCAACGAAA-1","G1"
"GACCTGGTCCAAATGC-1","G1"
"GACCTGGTCCCTCTTT-1","M"
"GACCTGGTCCTTTACA-1","G1"
"GACCTGGTCGCAAACT-1","G1S"
"GACGCGTAGATGTAAC-1","G2M"
"GACGCGTAGGTTACCT-1","G2M"
"GACGCGTCAAAGCAAT-1","G1"
"GACGCGTCAAATCCGT-1","G1"
"GACGCGTCAATGGAGC-1","G1"
"GACGCGTCATCGACGC-1","G1"
"GACGCGTGTCCCTTGT-1","M"
"GACGCGTTCCCAACGG-1","G1"
"GACGGCTAGAAGCCCA-1","G1"
"GACGGCTAGTTATCGC-1","G1"
"GACGGCTAGTTCGCGC-1","G1"
"GACGGCTCACTTACGA-1","G1"
"GACGGCTGTATGCTTG-1","G1"
"GACGGCTGTGCTTCTC-1","G1"
"GACGGCTGTGTGACGA-1","G1"
"GACGGCTTCAGGATCT-1","G1S"
"GACGGCTTCCACGTTC-1","G1"
"GACGGCTTCGGCTACG-1","G1S"
"GACGGCTTCTGACCTC-1","G1"
"GACGGCTTCTTCGAGA-1","G1"
"GACGTGCAGAGCTGGT-1","G1"
"GACGTGCAGCTTCGCG-1","M"
"GACGTGCAGGTGTTAA-1","G1S"
"GACGTGCAGTAACCCT-1","G1"
"GACGTGCCAACAACCT-1","G1"
"GACGTGCCAATCGAAA-1","G1S"
"GACGTGCCAGCTCCGA-1","G1"
"GACGTGCGTAGAGGAA-1","G1"
"GACGTGCGTCATTAGC-1","G1"
"GACGTGCGTCTCTCGT-1","G1"
"GACGTTACACCTCGGA-1","G1"
"GACGTTACAGCATACT-1","G1"
"GACGTTACATGCCCGA-1","G1S"
"GACGTTAGTGCAGTAG-1","G1"
"GACGTTAGTTCCGTCT-1","G1"
"GACGTTATCGACAGCC-1","G2M"
"GACTAACAGACGCAAC-1","G1"
"GACTAACCAATCCAAC-1","G1"
"GACTAACCAGCTCGCA-1","G1S"
"GACTAACCATTTCAGG-1","G1"
"GACTAACGTGTGAATA-1","G1"
"GACTACAAGACACTAA-1","G1"
"GACTACAAGATGTGTA-1","G1"
"GACTACAAGGTTCCTA-1","G1"
"GACTACAGTACGACCC-1","G1"
"GACTACAGTACTCAAC-1","G1"
"GACTACAGTAGAAAGG-1","G1"
"GACTACAGTCCCTACT-1","G1"
"GACTACAGTGCCTGCA-1","G1S"
"GACTACAGTGTAACGG-1","G1"
"GACTACATCCTCCTAG-1","G1"
"GACTGCGAGAATTGTG-1","G1"
"GACTGCGTCACCCTCA-1","G1"
"GAGCAGAAGGATTCGG-1","G1"
"GAGCAGAAGTCTCGGC-1","M"
"GAGCAGACACGAAACG-1","G1"
"GAGCAGAGTCGCATCG-1","M"
"GAGCAGAGTCTAAACC-1","M"
"GAGCAGAGTGAGTGAC-1","M"
"GAGGTGAAGGTGATTA-1","G1"
"GAGGTGATCAAGCCTA-1","G1S"
"GAGGTGATCATGGTCA-1","M"
"GAGTCCGGTAGCGTCC-1","G1"
"GAGTCCGGTCATGCCG-1","G1"
"GAGTCCGGTCCAGTAT-1","G1"
"GAGTCCGGTCGCGAAA-1","G1"
"GAGTCCGTCTCACATT-1","M"
"GAGTCCGTCTCGGACG-1","G1"
"GATCAGTAGCACCGCT-1","G2"
"GATCAGTAGCTGGAAC-1","G1"
"GATCAGTCACGTCTCT-1","G2M"
"GATCAGTCATTCTTAC-1","G1"
"GATCAGTGTCTTGCGG-1","G1"
"GATCAGTGTGCAACTT-1","M"
"GATCAGTGTTTGTTGG-1","G1"
"GATCAGTTCCCAAGTA-1","G1"
"GATCGATAGTGCCATT-1","G1"
"GATCGATGTACCAGTT-1","G1S"
"GATCGATGTCCGTTAA-1","G1S"
"GATCGATTCGCATGAT-1","G1"
"GATCGATTCGGTGTCG-1","M"
"GATCGATTCTTGACGA-1","G1"
"GATCGCGAGGCAGGTT-1","G1"
"GATCGCGCAACTGCGC-1","G1"
"GATCGCGCAGACGTAG-1","G1S"
"GATCGCGGTCAGAAGC-1","G1"
"GATCGCGGTGGTTTCA-1","G1S"
"GATCGCGTCCTTAATC-1","G1S"
"GATCGTAAGATGCCTT-1","G1S"
"GATCGTAAGCACGCCT-1","G1S"
"GATCGTAAGTCAATAG-1","G1"
"GATCGTAAGTGAATTG-1","G1"
"GATCGTACAAGTCATC-1","M"
"GATCGTACACCCAGTG-1","G1"
"GATCGTACAGGGTTAG-1","M"
"GATCGTAGTAAACCTC-1","G1"
"GATCGTATCAAACCGT-1","G1S"
"GATCGTATCTGTCCGT-1","G1"
"GATCTAGAGCCACTAT-1","G1"
"GATCTAGAGGGCATGT-1","G1"
"GATCTAGCAATGCCAT-1","G1S"
"GATCTAGCACCAGATT-1","G1"
"GATCTAGGTAATCACC-1","G1"
"GATCTAGGTCGCCATG-1","G2M"
"GATCTAGGTCGGCACT-1","G1"
"GATCTAGGTGAGTGAC-1","G1"
"GATGAAAAGTGGACGT-1","G1"
"GATGAAACAAGCCCAC-1","G1"
"GATGAAACATGCAATC-1","G1"
"GATGAAACATTCTCAT-1","G1"
"GATGAAAGTTGCCTCT-1","G1"
"GATGAAAGTTGGTTTG-1","G1"
"GATGAGGAGAAGAAGC-1","M"
"GATGAGGAGAGTACCG-1","M"
"GATGAGGAGCGCCTTG-1","G1"
"GATGAGGCAACACGCC-1","G1"
"GATGAGGCATCAGTCA-1","G1"
"GATGAGGCATCGATTG-1","G1"
"GATGAGGGTAGGAGTC-1","G1"
"GATGAGGTCCAGATCA-1","G1"
"GATGAGGTCGGCTACG-1","G1"
"GATGCTAAGGAGTTGC-1","M"
"GATGCTACATACTACG-1","G1"
"GATGCTACATACTCTT-1","G1"
"GATGCTAGTCAGAGGT-1","G1S"
"GATGCTAGTCTTGCGG-1","G1"
"GATGCTATCAACCAAC-1","G1S"
"GATGCTATCCTATTCA-1","G2M"
"GATGCTATCGCCAGCA-1","M"
"GATTCAGAGAAACGAG-1","G2M"
"GATTCAGCAAGAAGAG-1","G1"
"GATTCAGCAATTCCTT-1","M"
"GATTCAGCACCTATCC-1","G1"
"GATTCAGCAGTATGCT-1","G1"
"GATTCAGCATCGGAAG-1","G1"
"GATTCAGCATCTCCCA-1","M"
"GATTCAGTCGAATGGG-1","M"
"GCAAACTAGAGATGAG-1","G1"
"GCAAACTAGTACGACG-1","M"
"GCAAACTCAACGATGG-1","M"
"GCAAACTCAAGCCCAC-1","G1"
"GCAAACTCAATCGAAA-1","M"
"GCAAACTGTATTCTCT-1","G1"
"GCAAACTGTCTTGTCC-1","G2"
"GCAAACTGTGCAACTT-1","M"
"GCAATCAAGAGCTTCT-1","S"
"GCAATCAAGGCCCTTG-1","G1"
"GCAATCAAGTACCGGA-1","G1"
"GCAATCAAGTTACGGG-1","G1"
"GCAATCATCCTGCCAT-1","G1"
"GCAATCATCTCGATGA-1","G1"
"GCAATCATCTGGTATG-1","G1"
"GCACATAAGACTAGGC-1","G1S"
"GCACATAAGGGCTTGA-1","G1"
"GCACATAAGGTGACCA-1","G1"
"GCACATACAAGAGTCG-1","G1S"
"GCACATACAATAACGA-1","S"
"GCACATACACCCATGG-1","G1"
"GCACATAGTCGTGGCT-1","G1S"
"GCACATAGTTCGTGAT-1","G1S"
"GCACATATCGTATCAG-1","M"
"GCACATATCTCTGCTG-1","G1"
"GCACTCTAGATGAGAG-1","G1"
"GCACTCTAGCCAGTAG-1","G1"
"GCACTCTAGGAGTAGA-1","G1"
"GCACTCTAGTGGCACA-1","G1"
"GCACTCTCAAAGGCGT-1","G1"
"GCACTCTGTAATCACC-1","G1S"
"GCACTCTGTCTTGTCC-1","G2M"
"GCACTCTGTGTCGCTG-1","G1"
"GCACTCTTCATAGCAC-1","G1S"
"GCAGCCAAGTTAGGTA-1","G1"
"GCAGCCACACGACGAA-1","G1"
"GCAGCCATCGTAGATC-1","G1"
"GCAGCCATCTATCCCG-1","M"
"GCAGTTAAGAAACGAG-1","G2"
"GCAGTTAAGCACACAG-1","S"
"GCAGTTAAGCTAGTTC-1","G1"
"GCAGTTAAGCTCAACT-1","G1"
"GCAGTTAAGGACCACA-1","M"
"GCAGTTACATGAAGTA-1","G1S"
"GCAGTTAGTACCAGTT-1","M"
"GCAGTTAGTATCGCAT-1","G1S"
"GCAGTTAGTTTAAGCC-1","G1S"
"GCAGTTAGTTTCGCTC-1","M"
"GCAGTTATCGCCATAA-1","G1"
"GCATACAAGCCTCGTG-1","G1"
"GCATACAAGGAATCGC-1","G1"
"GCATACAAGTGATCGG-1","G1"
"GCATACACAAGGTTTC-1","G1S"
"GCATACACATCAGTCA-1","G1"
"GCATACACATGTTCCC-1","M"
"GCATACAGTACCGAGA-1","G2M"
"GCATACATCAGCTCGG-1","M"
"GCATGATAGACCACGA-1","G1"
"GCATGATAGACTGGGT-1","G1"
"GCATGATAGTCTCCTC-1","G1"
"GCATGATAGTTACGGG-1","G1"
"GCATGATTCGGCGGTT-1","G1"
"GCATGCGAGACAGGCT-1","G1"
"GCATGCGAGCTAGTCT-1","G2"
"GCATGCGCATGCCTAA-1","G1"
"GCATGCGCATTTCACT-1","G1"
"GCATGCGGTAACGACG-1","G1"
"GCATGCGGTCTCATCC-1","G1"
"GCATGCGTCCCAGGTG-1","G1"
"GCATGTAAGTTGTCGT-1","G1S"
"GCATGTACATCGATTG-1","G1"
"GCATGTATCCCATTAT-1","G1"
"GCCAAATCATGGAATA-1","G1"
"GCCAAATCATTGAGCT-1","G1"
"GCCAAATTCAACGCTA-1","M"
"GCCAAATTCATGGTCA-1","G1"
"GCCAAATTCCCGACTT-1","G1"
"GCCAAATTCCCTAACC-1","G1"
"GCCAAATTCGAATCCA-1","G1"
"GCCTCTAAGCTAGTTC-1","G1"
"GCCTCTAAGGACGAAA-1","G1"
"GCCTCTACACATTCGA-1","G1"
"GCCTCTACATTTGCCC-1","M"
"GCCTCTAGTGGCTCCA-1","G1"
"GCCTCTAGTTAAAGTG-1","G1"
"GCCTCTATCACAATGC-1","G2M"
"GCCTCTATCCCATTAT-1","G1"
"GCCTCTATCTTAACCT-1","G1S"
"GCGACCACAAAGGAAG-1","G1"
"GCGACCACATACGCTA-1","M"
"GCGACCAGTACAGTTC-1","G1"
"GCGACCAGTACCGCTG-1","G1"
"GCGACCAGTAGATTAG-1","G1"
"GCGACCAGTAGGCATG-1","G1"
"GCGACCATCAACGCTA-1","G1"
"GCGACCATCAGCAACT-1","G1S"
"GCGACCATCTAACTTC-1","G1"
"GCGAGAACACAGATTC-1","G1"
"GCGAGAACACCAACCG-1","G1"
"GCGAGAACAGTATCTG-1","G1"
"GCGAGAACATGAACCT-1","G1"
"GCGAGAAGTCATCCCT-1","G1S"
"GCGAGAAGTTTGTGTG-1","G1"
"GCGAGAATCAATCACG-1","G2M"
"GCGAGAATCCTCTAGC-1","M"
"GCGAGAATCGCCAGCA-1","G1"
"GCGCAACAGACTGTAA-1","M"
"GCGCAACAGATGGGTC-1","G1"
"GCGCAACAGGTAGCCA-1","G1"
"GCGCAACCAAGAGTCG-1","M"
"GCGCAACGTCAAACTC-1","S"
"GCGCAACTCACGAAGG-1","G1"
"GCGCAACTCATGTGGT-1","G1"
"GCGCAGTAGACTTTCG-1","G1"
"GCGCAGTCAGACGCTC-1","M"
"GCGCAGTTCGAGAACG-1","G1"
"GCGCCAAAGTACGTAA-1","G1"
"GCGCCAACACCAGCAC-1","G1S"
"GCGCCAAGTATCAGTC-1","G1"
"GCGCCAAGTTCCATGA-1","G1S"
"GCGCCAATCGCATGAT-1","G1S"
"GCGCCAATCTCTTATG-1","M"
"GCGCGATAGAACTCGG-1","G1S"
"GCGCGATAGGACAGCT-1","G1"
"GCGCGATAGTTCGCGC-1","G1"
"GCGCGATCACGGTTTA-1","G1"
"GCGCGATCATCCGGGT-1","G1"
"GCGCGATGTCAAACTC-1","G1"
"GCGCGATTCACGCATA-1","G1"
"GCGGGTTAGCCGCCTA-1","G1"
"GCGGGTTTCGGTTAAC-1","G1S"
"GCTCCTAAGACAATAC-1","G1"
"GCTCCTAAGGATGGTC-1","G1"
"GCTCCTACACCTGGTG-1","G1"
"GCTCCTACACGTCTCT-1","M"
"GCTCCTAGTATAAACG-1","G1"
"GCTCCTAGTTGATTGC-1","G1S"
"GCTCTGTAGGCAATTA-1","G1"
"GCTCTGTAGTGTTTGC-1","G1"
"GCTCTGTCAAATCCGT-1","M"
"GCTCTGTGTAACGACG-1","M"
"GCTCTGTTCAGTTAGC-1","G2M"
"GCTCTGTTCGCCTGAG-1","G1"
"GCTCTGTTCTGTCAAG-1","M"
"GCTGCAGAGGGATGGG-1","G1"
"GCTGCAGAGTTTCCTT-1","G1"
"GCTGCAGCACAGCGTC-1","G1S"
"GCTGCAGCACGTTGGC-1","G1"
"GCTGCAGCAGCCACCA-1","G1"
"GCTGCAGCAGCTGCTG-1","G1"
"GCTGCAGTCACTATTC-1","G1"
"GCTGCAGTCTCCAACC-1","G1"
"GCTGCAGTCTTGTTTG-1","G1S"
"GCTGCGAGTTGGTTTG-1","G1"
"GCTGCGATCACCGGGT-1","G1"
"GCTGCTTAGAGTGACC-1","G2"
"GCTGCTTAGGATGCGT-1","G1"
"GCTGCTTCAAGGTTTC-1","G1S"
"GCTGCTTCACCGGAAA-1","G1S"
"GCTGCTTCAGATCCAT-1","G1"
"GCTGGGTAGAGCTATA-1","G2M"
"GCTGGGTAGATCGATA-1","G1S"
"GCTGGGTAGCTGCGAA-1","G1"
"GCTGGGTCAGATAATG-1","S"
"GCTGGGTCAGCGTAAG-1","G1"
"GCTGGGTGTCATCCCT-1","G1"
"GCTGGGTTCAGCTGGC-1","G1"
"GCTTCCAAGTCTTGCA-1","M"
"GCTTCCACAGTATCTG-1","G1"
"GCTTCCATCGCGGATC-1","M"
"GCTTCCATCTCTAAGG-1","G1"
"GCTTGAAAGGACATTA-1","G1"
"GCTTGAAAGTCCGGTC-1","G1"
"GCTTGAACACCTATCC-1","G1"
"GCTTGAACAGTATAAG-1","G1"
"GCTTGAACATTGTGCA-1","G1"
"GCTTGAATCAAACAAG-1","G1"
"GCTTGAATCGTGGGAA-1","G1"
"GGAAAGCCAATGAATG-1","M"
"GGAAAGCCATCCAACA-1","G1"
"GGAAAGCCATCCGCGA-1","G1S"
"GGAAAGCGTCTTTCAT-1","G1"
"GGAAAGCGTTCTCATT-1","G1"
"GGAAAGCTCAACGGCC-1","G1S"
"GGAAAGCTCGGCATCG-1","G1"
"GGAACTTAGGAATCGC-1","G1"
"GGAACTTAGTACGCCC-1","G1S"
"GGAACTTCATACTACG-1","G1"
"GGAACTTGTCTAGTGT-1","G1"
"GGAATAAAGACAGACC-1","M"
"GGAATAAAGACTGTAA-1","G1S"
"GGAATAAAGGTCATCT-1","G1"
"GGAATAAAGTGAACAT-1","G1"
"GGAATAACAAAGGTGC-1","M"
"GGAATAACAGGTTTCA-1","G1"
"GGAATAAGTAGAAGGA-1","G1"
"GGAATAAGTCTCCACT-1","G1"
"GGAATAATCACCGGGT-1","G1S"
"GGACAAGAGCAATATG-1","G1"
"GGACAAGAGGGTTCCC-1","M"
"GGACAAGCACAGGTTT-1","G1"
"GGACAAGCACGCATCG-1","G1"
"GGACAAGCATGGGACA-1","G1"
"GGACAAGCATTACGAC-1","G1"
"GGACAAGGTAAGGGCT-1","G1"
"GGACAAGGTCATTAGC-1","G1"
"GGACAAGTCCAGATCA-1","G1"
"GGACAGAAGACCTAGG-1","G1"
"GGACAGAAGCAATATG-1","G2"
"GGACAGAAGCGATGAC-1","M"
"GGACAGAAGGCGACAT-1","M"
"GGACAGACACAGCGTC-1","G1"
"GGACAGATCACGACTA-1","M"
"GGACAGATCACTGGGC-1","G1"
"GGACAGATCTCATTCA-1","G1"
"GGACATTAGAAAGTGG-1","G1"
"GGACATTAGGAACTGC-1","G1"
"GGACATTGTAATTGGA-1","G1"
"GGACATTGTCGTTGTA-1","G1"
"GGACATTGTGAGCGAT-1","G1"
"GGACATTGTTCTGAAC-1","G1"
"GGACGTCGTACCGCTG-1","M"
"GGACGTCGTATCTGCA-1","M"
"GGACGTCGTCAACTGT-1","G1"
"GGACGTCGTTAGATGA-1","G1S"
"GGAGCAAAGATGTGGC-1","G1"
"GGAGCAAAGTGCCAGA-1","M"
"GGAGCAACAGGCTCAC-1","G1S"
"GGAGCAAGTCAGAGGT-1","G1"
"GGAGCAAGTTCAGTAC-1","G1"
"GGAGCAATCGGAGGTA-1","G1S"
"GGATGTTCAAATCCGT-1","G1"
"GGATGTTCACGGTAGA-1","G1"
"GGATGTTGTCCATGAT-1","G2M"
"GGATGTTGTTATTCTC-1","G1"
"GGATGTTTCTACTATC-1","G1"
"GGATGTTTCTGTTTGT-1","G1"
"GGATTACAGATGTGTA-1","G1S"
"GGATTACAGCCATCGC-1","G2"
"GGATTACAGGCCATAG-1","M"
"GGATTACAGGGTGTGT-1","G1"
"GGATTACCAAGGCTCC-1","G1S"
"GGATTACCAGCTTCGG-1","G1"
"GGATTACGTAGGACAC-1","M"
"GGATTACGTAGGGACT-1","G1"
"GGATTACGTATTAGCC-1","G1"
"GGATTACGTTCCACGG-1","G1"
"GGATTACTCACCTTAT-1","G1"
"GGATTACTCAGGCAAG-1","G1"
"GGATTACTCTGCAAGT-1","G1"
"GGCAATTAGAAGGGTA-1","G1S"
"GGCAATTAGAATTCCC-1","G1S"
"GGCAATTAGCGAGAAA-1","G1"
"GGCAATTAGGGCTCTC-1","G1"
"GGCAATTAGTGAAGTT-1","M"
"GGCAATTCATTGTGCA-1","G1"
"GGCAATTGTAAACGCG-1","G1"
"GGCAATTGTAGCTCCG-1","G1"
"GGCAATTGTCAACTGT-1","M"
"GGCAATTTCATCGGAT-1","G1S"
"GGCAATTTCCGCGGTA-1","G1"
"GGCCGATAGTTTAGGA-1","G1S"
"GGCCGATCAAGTAGTA-1","M"
"GGCCGATCACCATGTA-1","M"
"GGCCGATCACTGTTAG-1","G2M"
"GGCCGATCAGACACTT-1","G1"
"GGCCGATCATGCCTAA-1","G1S"
"GGCCGATGTATATGAG-1","G1"
"GGCCGATGTGATGATA-1","G1"
"GGCCGATGTTAGTGGG-1","G1"
"GGCCGATTCAAGGCTT-1","G1"
"GGCCGATTCCGGGTGT-1","G1S"
"GGCGACTAGAAACCGC-1","G1"
"GGCGACTAGACTCGGA-1","G1"
"GGCGACTAGAGCTGCA-1","G1"
"GGCGACTCAAGAAAGG-1","G1"
"GGCGACTCATCACCCT-1","G1"
"GGCGACTGTCTCCATC-1","G1"
"GGCGACTGTGGCTCCA-1","G1S"
"GGCGACTTCAACACTG-1","G1"
"GGCGACTTCTATGTGG-1","G1"
"GGCGTGTAGACCGGAT-1","G1"
"GGCGTGTCAGACGTAG-1","M"
"GGCGTGTCAGTCACTA-1","G1"
"GGCGTGTGTTAGGGTG-1","G1S"
"GGCGTGTGTTGACGTT-1","G1"
"GGCGTGTTCAGTACGT-1","G2"
"GGCGTGTTCCATTCTA-1","G1"
"GGCGTGTTCCCTTGCA-1","G1"
"GGCGTGTTCGCCAGCA-1","G1S"
"GGCTCGAAGTCACGCC-1","G1"
"GGCTCGACAACACGCC-1","G1"
"GGCTCGACACTTAACG-1","M"
"GGCTCGACAGCAGTTT-1","G1"
"GGCTCGACAGCGTTCG-1","G1"
"GGCTCGAGTAGCTTGT-1","G1"
"GGCTCGAGTCAATGTC-1","G1S"
"GGCTCGATCACATGCA-1","G1"
"GGCTCGATCTTAGCCC-1","G1"
"GGCTGGTCAAGCGTAG-1","G1"
"GGCTGGTCACCTCGTT-1","G1"
"GGCTGGTGTTAGAACA-1","G1"
"GGCTGGTTCATTGCGA-1","G1"
"GGCTGGTTCCAGATCA-1","G1"
"GGCTGGTTCGTTACAG-1","M"
"GGGAATGAGCATCATC-1","G1"
"GGGAATGAGCTAGGCA-1","G1"
"GGGAATGAGTGACTCT-1","M"
"GGGAATGCAAAGGCGT-1","G1"
"GGGAATGCACAAGACG-1","G1"
"GGGAATGTCAATCTCT-1","G1S"
"GGGAATGTCCTCCTAG-1","G1"
"GGGACCTAGACGACGT-1","G1"
"GGGACCTAGCCAGGAT-1","G1"
"GGGACCTAGCTACCTA-1","G1"
"GGGACCTGTCCAACTA-1","G1"
"GGGACCTGTGACTACT-1","G1"
"GGGACCTTCAGGTTCA-1","G1"
"GGGACCTTCCGTTGCT-1","G1"
"GGGACCTTCTTCCTTC-1","M"
"GGGAGATAGGTACTCT-1","G1"
"GGGAGATCAAGCCATT-1","G2M"
"GGGAGATCACACCGAC-1","M"
"GGGAGATCACCGCTAG-1","M"
"GGGAGATGTCCATCCT-1","M"
"GGGAGATTCACCCGAG-1","G1S"
"GGGAGATTCATGCATG-1","M"
"GGGAGATTCCTCATTA-1","G1"
"GGGAGATTCGAATGGG-1","G2M"
"GGGAGATTCGTCGTTC-1","G1"
"GGGATGAAGGCCCTCA-1","G1"
"GGGATGACACAGCCCA-1","G1"
"GGGATGACACGTCTCT-1","G1"
"GGGATGACAGCTATTG-1","G1"
"GGGATGACAGTTTACG-1","G1"
"GGGATGAGTCAGATAA-1","G1"
"GGGATGATCCACGTGG-1","G1"
"GGGATGATCCATGCTC-1","G1"
"GGGCACTAGACGCACA-1","S"
"GGGCACTAGCGATTCT-1","G1S"
"GGGCACTAGCGCTCCA-1","M"
"GGGCACTCAGGGATTG-1","G1"
"GGGCACTGTAAGTGTA-1","G1"
"GGGCACTGTCCAGTGC-1","M"
"GGGCACTGTCTTGATG-1","G2M"
"GGGCACTGTTCAGACT-1","G1"
"GGGCACTGTTCCGTCT-1","M"
"GGGCACTGTTGGAGGT-1","G1"
"GGGCACTTCACGAAGG-1","G1S"
"GGGCACTTCATGCATG-1","G1S"
"GGGCACTTCTGCGACG-1","G1"
"GGGCACTTCTTACCTA-1","G1"
"GGGCACTTCTTGCAAG-1","G1"
"GGGCATCAGCCTATGT-1","M"
"GGGCATCAGCGTGAGT-1","G1"
"GGGCATCAGGATCGCA-1","G1"
"GGGCATCAGGCGACAT-1","G1S"
"GGGCATCCACAGAGGT-1","G1"
"GGGCATCCACGAAACG-1","M"
"GGGCATCCAGACAAGC-1","G1"
"GGGCATCGTCCGTGAC-1","G1"
"GGGCATCGTTGCTCCT-1","G1"
"GGGCATCTCAAGGCTT-1","M"
"GGGTCTGAGAGCCTAG-1","G1S"
"GGGTCTGCAATCTACG-1","G2M"
"GGGTCTGCAATGGATA-1","G1S"
"GGGTCTGCACTTCTGC-1","G1S"
"GGGTCTGCAGGTCGTC-1","G1S"
"GGGTCTGGTAGCCTAT-1","G1"
"GGGTCTGGTCCAACTA-1","G1"
"GGGTCTGGTCTCCCTA-1","G1"
"GGGTCTGTCTTCCTTC-1","G1S"
"GGGTTGCAGGGATACC-1","G1S"
"GGGTTGCCAGTACACT-1","G1"
"GGGTTGCCATTAGCCA-1","G1"
"GGGTTGCGTAAGGGAA-1","G1"
"GGGTTGCGTGACAAAT-1","G1"
"GGGTTGCGTGCACTTA-1","G1"
"GGGTTGCGTGCGGTAA-1","G1"
"GGTATTGAGCTGCGAA-1","G1"
"GGTATTGAGTTCGATC-1","G1"
"GGTATTGCACATAACC-1","G1"
"GGTATTGGTCTAAAGA-1","G1S"
"GGTATTGGTGCAGGTA-1","G1"
"GGTATTGGTTACCGAT-1","G1"
"GGTATTGGTTCTGGTA-1","G1S"
"GGTATTGTCCCGACTT-1","G1"
"GGTGAAGAGGTGCAAC-1","G2M"
"GGTGAAGAGGTGGGTT-1","M"
"GGTGAAGAGTGTCTCA-1","G2"
"GGTGAAGCACTTGGAT-1","M"
"GGTGAAGGTATGGTTC-1","G1S"
"GGTGAAGGTTCGTCTC-1","G1"
"GGTGAAGTCAAGATCC-1","G2M"
"GGTGAAGTCGCTTAGA-1","G1"
"GGTGAAGTCGCTTGTC-1","G1"
"GGTGAAGTCTAGAGTC-1","G1"
"GGTGCGTAGGGAGTAA-1","G1"
"GGTGCGTAGGTGATAT-1","G1"
"GGTGCGTCAGCATGAG-1","G1"
"GGTGCGTCATAAAGGT-1","G1"
"GGTGCGTGTCGCATCG-1","M"
"GGTGCGTGTGTGACCC-1","G1"
"GGTGTTAGTAATTGGA-1","G1"
"GGTGTTATCAGAAATG-1","G1"
"GGTGTTATCGGTTAAC-1","G1S"
"GTAACGTAGAAGGACA-1","G1"
"GTAACGTAGTGGTAGC-1","G1"
"GTAACGTCACCAGGTC-1","G1"
"GTAACGTTCTAACTCT-1","M"
"GTAACGTTCTGCCCTA-1","G1"
"GTAACTGAGACAGACC-1","M"
"GTAACTGAGCAGCGTA-1","G1"
"GTAACTGAGCGCCTTG-1","M"
"GTAACTGAGTGAACAT-1","M"
"GTAACTGCATCGACGC-1","M"
"GTAACTGGTCAACTGT-1","G1"
"GTAACTGGTGAAGGCT-1","G1"
"GTAACTGTCAAGGTAA-1","G1"
"GTAACTGTCGGAATCT-1","M"
"GTAACTGTCTCAAGTG-1","G1"
"GTACGTACACGAGGTA-1","M"
"GTACGTATCAGCTCGG-1","G1S"
"GTACTCCAGAAGGCCT-1","G1"
"GTACTCCAGACTGTAA-1","G1"
"GTACTCCAGGCGACAT-1","M"
"GTACTCCAGGGATACC-1","M"
"GTACTCCAGTTATCGC-1","G1"
"GTACTCCCAGACGTAG-1","G1"
"GTACTCCCATAGTAAG-1","G1"
"GTACTCCGTCCTAGCG-1","G1"
"GTACTCCTCTGTTTGT-1","G1"
"GTACTTTAGGGTTCCC-1","M"
"GTACTTTAGTAGCCGA-1","M"
"GTACTTTCACAAGCCC-1","G2M"
"GTACTTTCATCGGACC-1","G1S"
"GTACTTTGTCCGAATT-1","G1"
"GTACTTTTCCACGTTC-1","G1S"
"GTACTTTTCGTTTGCC-1","G2M"
"GTAGGCCAGACGCAAC-1","G1"
"GTAGGCCCAGTCGTGC-1","G1"
"GTAGGCCTCCATTCTA-1","G1"
"GTAGGCCTCCGTAGGC-1","G1"
"GTAGTCAAGGATGGAA-1","M"
"GTAGTCAGTACTCTCC-1","G1"
"GTAGTCATCAGTGCAT-1","G1"
"GTAGTCATCCTTTCTC-1","G1"
"GTATCTTAGAGTCGGT-1","G1"
"GTATCTTAGCGTGAAC-1","G1"
"GTATCTTAGTTGAGTA-1","M"
"GTATCTTCAAAGGAAG-1","G1"
"GTATCTTGTAATCGTC-1","G1"
"GTATCTTGTATAGGTA-1","G1"
"GTATCTTGTGACCAAG-1","G1"
"GTATCTTGTGCATCTA-1","G1S"
"GTATCTTGTGTGAATA-1","G1"
"GTATCTTTCAAGAAGT-1","G1S"
"GTATTCTAGCGTCTAT-1","G1"
"GTATTCTAGGATATAC-1","G2M"
"GTATTCTCAGCTGCAC-1","G1"
"GTATTCTGTCATCCCT-1","G1"
"GTATTCTGTCTGCCAG-1","M"
"GTCAAGTAGAGATGAG-1","M"
"GTCAAGTAGATGTTAG-1","G1"
"GTCAAGTCATTACGAC-1","G1"
"GTCAAGTGTATTAGCC-1","G1"
"GTCAAGTGTCACCTAA-1","G1S"
"GTCAAGTTCACAACGT-1","G1"
"GTCAAGTTCATCACCC-1","G1"
"GTCAAGTTCCGTTGTC-1","G1"
"GTCAAGTTCTGAGTGT-1","G1"
"GTCACAAAGCTAGTCT-1","G1S"
"GTCACAAAGTTACCCA-1","G1S"
"GTCACAACAGCTGCTG-1","G1"
"GTCACAAGTAGCGCAA-1","G1S"
"GTCACAAGTCGTGGCT-1","G1"
"GTCACAAGTGATGTCT-1","G1S"
"GTCACAAGTTAAGATG-1","G1"
"GTCACAATCCCTAACC-1","M"
"GTCACAATCCGTCATC-1","G1"
"GTCACGGAGTAGCGGT-1","G1"
"GTCACGGAGTGGGATC-1","M"
"GTCACGGCAAGTTCTG-1","G1"
"GTCACGGCAGTATAAG-1","G1S"
"GTCACGGCATCTGGTA-1","G1"
"GTCACGGGTCATGCCG-1","G1"
"GTCACGGGTCTCTTTA-1","G1"
"GTCACGGTCGTTACAG-1","M"
"GTCACGGTCTTGTACT-1","G1"
"GTCATTTAGATGTTAG-1","G1"
"GTCATTTAGATTACCC-1","M"
"GTCATTTAGCTAAGAT-1","G1"
"GTCATTTCAGATAATG-1","M"
"GTCATTTCAGGGTACA-1","G2"
"GTCATTTGTCACACGC-1","G1S"
"GTCATTTGTTATCCGA-1","S"
"GTCATTTTCAACACAC-1","G1"
"GTCATTTTCAATCTCT-1","M"
"GTCATTTTCACGAAGG-1","G1"
"GTCATTTTCCCAACGG-1","G2"
"GTCATTTTCTCCCTGA-1","G1"
"GTCATTTTCTGCGGCA-1","G1"
"GTCCTCAAGCCGCCTA-1","G1"
"GTCCTCAAGGATGCGT-1","G1"
"GTCCTCAAGGTGCAAC-1","G1"
"GTCCTCAGTGCCTTGG-1","G1"
"GTCCTCATCCCTTGCA-1","M"
"GTCCTCATCTTCGAGA-1","M"
"GTCCTCATCTTTACAC-1","G1"
"GTCGGGTAGGAGTACC-1","G1"
"GTCGGGTAGTCGAGTG-1","G2M"
"GTCGGGTCAGAGTGTG-1","S"
"GTCGGGTCAGCCTATA-1","G1S"
"GTCGGGTGTAAATGAC-1","G1"
"GTCGGGTGTGCGCTTG-1","G1S"
"GTCGGGTGTTTAGCTG-1","G1"
"GTCGTAAAGACGCAAC-1","G1S"
"GTCGTAAAGCTCTCGG-1","G1"
"GTCGTAACAACACGCC-1","G1"
"GTCGTAACACATGACT-1","G2M"
"GTCGTAAGTGACTCAT-1","G1"
"GTCTCGTCAAGAGTCG-1","G1"
"GTCTCGTCACGGCTAC-1","G1"
"GTCTCGTGTCAAAGCG-1","G1"
"GTCTCGTGTGACAAAT-1","G1S"
"GTCTTCGGTCAGGACA-1","G1"
"GTCTTCGTCAACGGGA-1","M"
"GTGAAGGAGTAAGTAC-1","M"
"GTGAAGGAGTGGACGT-1","G1"
"GTGAAGGCAAGCTGAG-1","G1S"
"GTGAAGGCAGACACTT-1","G1"
"GTGAAGGCAGCGAACA-1","G1"
"GTGAAGGTCATCGCTC-1","G2M"
"GTGAAGGTCCGGCACA-1","M"
"GTGAAGGTCTGGTGTA-1","M"
"GTGAAGGTCTTTACGT-1","G1"
"GTGCAGCAGAAAGTGG-1","M"
"GTGCAGCAGCCACGCT-1","S"
"GTGCAGCAGGACTGGT-1","G1"
"GTGCAGCCACAGACAG-1","G1"
"GTGCAGCTCACAATGC-1","G2M"
"GTGCAGCTCCGTACAA-1","M"
"GTGCAGCTCGTTGACA-1","G1S"
"GTGCATAAGCGTTGCC-1","G1"
"GTGCATACAATCTACG-1","G2"
"GTGCATAGTTACGACT-1","G1"
"GTGCATAGTTGATTCG-1","M"
"GTGCATAGTTGCGCAC-1","G1S"
"GTGCATATCGTCACGG-1","G1"
"GTGCATATCTCCAGGG-1","G1S"
"GTGCGGTAGCAGATCG-1","G1"
"GTGCGGTAGTAGGTGC-1","G1"
"GTGCGGTCAATAGCAA-1","G1"
"GTGCGGTCAGGCAGTA-1","G1"
"GTGCGGTCAGGCGATA-1","M"
"GTGCGGTGTTATGCGT-1","G1"
"GTGCGGTTCACTTATC-1","G1"
"GTGCGGTTCTACCTGC-1","G1"
"GTGCGGTTCTTCTGGC-1","G1"
"GTGCTTCCAAGTACCT-1","G1"
"GTGCTTCTCTGAGGGA-1","G1"
"GTGGGTCAGCCACGCT-1","G1"
"GTGGGTCAGGAGTTTA-1","M"
"GTGGGTCCAATAAGCA-1","G1"
"GTGGGTCCAGATGGCA-1","G1S"
"GTGGGTCGTTATCACG-1","G1S"
"GTGGGTCTCAGCTCTC-1","M"
"GTGGGTCTCCGAATGT-1","G1S"
"GTGGGTCTCCTAGTGA-1","G1S"
"GTGTGCGAGCACAGGT-1","G1"
"GTGTGCGAGCTACCGC-1","G1S"
"GTGTGCGCACAGTCGC-1","G1S"
"GTGTGCGCATAACCTG-1","G1"
"GTGTGCGCATAAGACA-1","G1"
"GTGTGCGCATGCTAGT-1","G1"
"GTGTGCGGTCAGATAA-1","G1S"
"GTGTGCGTCCAACCAA-1","G1"
"GTGTGCGTCCGCAGTG-1","M"
"GTGTGCGTCTGAGGGA-1","G2M"
"GTGTTAGAGATCCCGC-1","G2M"
"GTGTTAGCAATTGCTG-1","G1"
"GTGTTAGCACGACTCG-1","G1"
"GTGTTAGCAGGGATTG-1","G1"
"GTGTTAGGTAACGTTC-1","G1"
"GTGTTAGGTAAGGGCT-1","G1"
"GTGTTAGGTCAATACC-1","G2M"
"GTGTTAGGTCAGCTAT-1","G1"
"GTGTTAGGTGCACCAC-1","G1S"
"GTTAAGCAGCTGTTCA-1","G1S"
"GTTAAGCAGGCCGAAT-1","M"
"GTTAAGCCATACGCCG-1","G1"
"GTTAAGCCATCCTAGA-1","G1"
"GTTAAGCCATTACCTT-1","G1"
"GTTAAGCGTAACGACG-1","G1"
"GTTAAGCTCACAAACC-1","G1S"
"GTTACAGAGAATTGTG-1","M"
"GTTACAGCATCCGTGG-1","G1"
"GTTACAGGTAGTACCT-1","G1"
"GTTACAGGTCGCATAT-1","G1"
"GTTACAGGTCGGCATC-1","G1S"
"GTTACAGGTGTGCCTG-1","G1"
"GTTACAGTCCAGGGCT-1","G1S"
"GTTACAGTCCGCATCT-1","G1"
"GTTACAGTCTCTTGAT-1","G1S"
"GTTACAGTCTTGGGTA-1","G1"
"GTTCATTAGCTAGTTC-1","M"
"GTTCATTCAACGATCT-1","G1"
"GTTCATTCAAGCGTAG-1","G1"
"GTTCATTGTCGTTGTA-1","G2M"
"GTTCATTTCAGCTCTC-1","M"
"GTTCGGGGTACCGGCT-1","M"
"GTTCGGGGTCCTCTTG-1","G1"
"GTTCGGGTCGGACAAG-1","G1"
"GTTCTCGAGCTTATCG-1","S"
"GTTCTCGAGGGTCTCC-1","G1"
"GTTCTCGCAAGGGTCA-1","G1S"
"GTTCTCGCACAAGTAA-1","G1S"
"GTTCTCGCACATGACT-1","G1"
"GTTCTCGCACCACCAG-1","G1"
"GTTCTCGCAGTCAGAG-1","G1S"
"GTTCTCGCAGTTAACC-1","G1"
"GTTCTCGCATAACCTG-1","G1S"
"GTTCTCGCATATGAGA-1","G2M"
"GTTCTCGGTATAGGTA-1","G1"
"GTTCTCGGTTTGGCGC-1","G1"
"GTTCTCGTCCTCTAGC-1","G1S"
"GTTCTCGTCGGTGTCG-1","G1"
"GTTTCTAAGAACAACT-1","G1S"
"GTTTCTAAGGCCGAAT-1","G1"
"GTTTCTACAATGGAAT-1","G1"
"GTTTCTAGTAGCCTAT-1","G1"
"GTTTCTAGTATATGGA-1","G1"
"GTTTCTAGTCAACTGT-1","G1"
"GTTTCTAGTGCGAAAC-1","G1"
"GTTTCTAGTTCAGACT-1","M"
"GTTTCTAGTTTGACTG-1","G1"
"GTTTCTATCATAGCAC-1","G2M"
"TAAACCGAGACAAAGG-1","M"
"TAAACCGAGGGTATCG-1","S"
"TAAACCGCAGACGCTC-1","G1"
"TAAACCGCAGTTCCCT-1","G1"
"TAAACCGGTTCGTCTC-1","G1"
"TAAACCGTCAACGGGA-1","G1S"
"TAAGAGAAGAATAGGG-1","G2"
"TAAGAGAAGACTTTCG-1","G1"
"TAAGAGACACTAGTAC-1","G1"
"TAAGAGAGTGACGCCT-1","M"
"TAAGAGAGTGGCAAAC-1","G1"
"TAAGCGTAGTGATCGG-1","G1"
"TAAGCGTGTCATATGC-1","G1"
"TAAGCGTTCGCCCTTA-1","M"
"TAAGTGCAGATATGCA-1","G2"
"TAAGTGCGTCAGATAA-1","G1"
"TAAGTGCTCACTTACT-1","G1"
"TACACGAAGTACTTGC-1","G1"
"TACACGACACATAACC-1","G1"
"TACACGACACGGTGTC-1","G1"
"TACACGACAGCATGAG-1","S"
"TACACGACAGGTCTCG-1","S"
"TACACGAGTAAACCTC-1","G1S"
"TACACGAGTCTCACCT-1","G1"
"TACACGAGTGGTAACG-1","G1"
"TACACGAGTTGTTTGG-1","G1"
"TACACGATCGGCCGAT-1","G1"
"TACACGATCTGATTCT-1","G2"
"TACAGTGAGATCTGCT-1","M"
"TACAGTGAGTGGGTTG-1","G1S"
"TACAGTGAGTGTCTCA-1","M"
"TACAGTGCAGGGCATA-1","M"
"TACAGTGCAGGTTTCA-1","G1"
"TACCTATAGGACGAAA-1","G1S"
"TACCTATAGGCCCGTT-1","M"
"TACCTATAGTTGAGTA-1","S"
"TACCTATCACATGGGA-1","G1"
"TACCTATCACATTTCT-1","G1S"
"TACCTATCAGACAAAT-1","G1S"
"TACCTATCAGGAATGC-1","G1"
"TACCTATCATCGGACC-1","M"
"TACCTATGTTCGGCAC-1","G1"
"TACCTATTCCCTCTTT-1","G1"
"TACCTATTCGCAAGCC-1","G1S"
"TACCTTAAGCGATATA-1","M"
"TACCTTAAGCGATCCC-1","G1S"
"TACCTTAAGGAGCGTT-1","G1"
"TACCTTAAGTTGAGAT-1","G1"
"TACCTTACAATGGAAT-1","G1"
"TACCTTACACTGTTAG-1","G1"
"TACCTTACAGTCAGCC-1","M"
"TACCTTATCCCTTGTG-1","G1"
"TACCTTATCCTTAATC-1","G1"
"TACGGATAGGATGCGT-1","G1"
"TACGGATCAAGCTGGA-1","G1"
"TACGGATCACGGTAAG-1","G1"
"TACGGATCATGTTCCC-1","M"
"TACGGGCAGAGTGACC-1","G1"
"TACGGGCCAGCTGCTG-1","G1S"
"TACGGGCCAGTCAGAG-1","G1"
"TACGGGCGTAGAGGAA-1","G1"
"TACGGGCGTGTGAATA-1","G1"
"TACGGGCGTTTGACAC-1","G2"
"TACGGGCTCGGCATCG-1","G1"
"TACGGGCTCGTCTGCT-1","G1"
"TACGGTAAGGACCACA-1","G1"
"TACGGTACAAGCGCTC-1","G1S"
"TACGGTACAATGGAAT-1","G1"
"TACGGTACAGATTGCT-1","G1"
"TACTCATAGACAGACC-1","M"
"TACTCATAGTTGAGAT-1","G1"
"TACTCATCATCATCCC-1","G2M"
"TACTCATGTCTAGAGG-1","G1S"
"TACTCATTCTTCGGTC-1","M"
"TACTCGCCAAGGACTG-1","G2"
"TACTCGCCACCGGAAA-1","G2M"
"TACTCGCGTTGGGACA-1","G1"
"TACTCGCTCACGGTTA-1","G1"
"TACTCGCTCTGATACG-1","S"
"TACTTACAGAGGGCTT-1","G1"
"TACTTACAGAGGTTGC-1","G1S"
"TACTTACAGATCACGG-1","G1"
"TACTTACTCACTGGGC-1","G1S"
"TACTTACTCTACTCAT-1","G1"
"TACTTGTAGAATGTTG-1","G2M"
"TACTTGTAGCCAGGAT-1","G1"
"TACTTGTAGCTTATCG-1","G1S"
"TACTTGTAGTTTCCTT-1","G1"
"TACTTGTCACTATCTT-1","G1"
"TACTTGTGTCGAACAG-1","G1"
"TACTTGTTCCGCATAA-1","G1"
"TAGACCAAGTCCATAC-1","G1S"
"TAGACCAAGTGCTGCC-1","G1S"
"TAGACCACAAATCCGT-1","G1"
"TAGACCAGTAGCCTAT-1","G2"
"TAGACCAGTATATGGA-1","G1"
"TAGACCAGTTCAGGCC-1","G1"
"TAGACCATCTCCAGGG-1","M"
"TAGAGCTAGCAATATG-1","G1S"
"TAGAGCTCACCGAAAG-1","G1"
"TAGAGCTCAGACGCAA-1","M"
"TAGAGCTCAGGGAGAG-1","G1"
"TAGAGCTCATGCTGGC-1","M"
"TAGAGCTTCACTATTC-1","G1"
"TAGAGCTTCGCAAACT-1","G1"
"TAGCCGGGTCCGTGAC-1","G1"
"TAGCCGGGTGATAAAC-1","M"
"TAGGCATAGACAGGCT-1","G2M"
"TAGGCATAGCTCCTTC-1","G1"
"TAGGCATCACGTAAGG-1","G1"
"TAGGCATCACTCGACG-1","G1"
"TAGGCATCATTAGGCT-1","G1"
"TAGGCATGTCGCATAT-1","G1"
"TAGGCATGTCTCCACT-1","G1"
"TAGGCATGTGTTTGGT-1","G1S"
"TAGGCATGTTGTGGCC-1","G1"
"TAGGCATTCCCAAGAT-1","G1"
"TAGGCATTCGATCCCT-1","G1"
"TAGTGGTAGACTGGGT-1","G1S"
"TAGTGGTAGATAGTCA-1","M"
"TAGTGGTAGGGTCTCC-1","G1"
"TAGTGGTAGTTCGATC-1","G2"
"TAGTGGTCATCCTTGC-1","M"
"TAGTGGTCATGTTGAC-1","G2"
"TAGTGGTTCAGCTTAG-1","G1"
"TAGTGGTTCCTTTCTC-1","G1S"
"TAGTGGTTCGGAGCAA-1","G1"
"TAGTTGGAGAGACGAA-1","G1"
"TAGTTGGCACTGCCAG-1","M"
"TAGTTGGCAGCTGTGC-1","G1"
"TAGTTGGGTGAACCTT-1","G1"
"TAGTTGGTCAGCTGGC-1","G1S"
"TATCAGGAGCAGCCTC-1","G1S"
"TATCAGGCACCCTATC-1","G1"
"TATCAGGCACCTCGGA-1","G1"
"TATCAGGCATTCCTGC-1","G1"
"TATCAGGGTACTTAGC-1","G1"
"TATCAGGTCCAAACTG-1","G1S"
"TATCAGGTCGTCTGAA-1","M"
"TATCAGGTCGTTGACA-1","G1"
"TATCAGGTCTGGAGCC-1","G1S"
"TATCTCACACATCCAA-1","G1S"
"TATCTCACAGCGATCC-1","G1"
"TATCTCAGTCGGGTCT-1","M"
"TATCTCAGTCTGGAGA-1","G1"
"TATCTCATCGGGAGTA-1","M"
"TATGCCCAGAAACGCC-1","G1"
"TATGCCCCAATCTACG-1","G1"
"TATGCCCCACAGCGTC-1","G1"
"TATGCCCCAGTCACTA-1","G1"
"TATGCCCGTAGCCTAT-1","G1"
"TATGCCCTCGTCGTTC-1","M"
"TATGCCCTCTCGTTTA-1","G1"
"TATTACCAGATCCCAT-1","G1"
"TATTACCCACATGGGA-1","G1"
"TATTACCCACGTCAGC-1","G1"
"TATTACCGTATTCGTG-1","G1"
"TATTACCGTCAGAAGC-1","M"
"TATTACCGTCAGATAA-1","G1"
"TATTACCGTCCAGTTA-1","G1S"
"TATTACCGTCTCATCC-1","M"
"TATTACCGTTGCGTTA-1","G1"
"TCAACGAAGCGAGAAA-1","G1"
"TCAACGAAGTGCGATG-1","G1"
"TCAACGACATGTCCTC-1","G1"
"TCAACGACATTAGCCA-1","G2M"
"TCAACGAGTCAATGTC-1","G1"
"TCAACGAGTCCAAGTT-1","M"
"TCAACGATCATTCACT-1","G1"
"TCAACGATCCACGACG-1","M"
"TCAACGATCGGTTCGG-1","G1"
"TCAACGATCTGGTGTA-1","G1"
"TCAATCTAGAGGTTAT-1","G1"
"TCAATCTAGGCATGTG-1","G1"
"TCAATCTAGTGCTGCC-1","G1S"
"TCAATCTCAACTTGAC-1","G1S"
"TCAATCTCAGTGAGTG-1","G1"
"TCAATCTGTATATGAG-1","M"
"TCAATCTGTCACTGGC-1","G1"
"TCAATCTGTCGTCTTC-1","G1S"
"TCAATCTTCTCGTTTA-1","G1"
"TCAATCTTCTTGTCAT-1","G1"
"TCACAAGAGACTAAGT-1","G1"
"TCACAAGAGAGACGAA-1","M"
"TCACAAGAGCTAGGCA-1","M"
"TCACAAGCAAGTACCT-1","G1"
"TCACAAGCAGCCAGAA-1","G1"
"TCACAAGTCCGCGCAA-1","G1"
"TCACGAAAGGGAGTAA-1","G2M"
"TCACGAAAGTACGTTC-1","G1"
"TCACGAACAAAGTCAA-1","G1"
"TCACGAACACGGCTAC-1","G1"
"TCACGAACATGTCGAT-1","G1"
"TCACGAAGTAGCGCTC-1","G1"
"TCACGAATCAACACAC-1","G1"
"TCACGAATCGATAGAA-1","M"
"TCACGAATCGTAGATC-1","G1S"
"TCAGATGAGGAGCGTT-1","G1"
"TCAGATGAGTTATCGC-1","G1"
"TCAGATGCATGCTAGT-1","G1"
"TCAGATGGTATATGAG-1","G1"
"TCAGATGGTCAATACC-1","G1S"
"TCAGATGGTTATGTGC-1","M"
"TCAGATGGTTGTACAC-1","G1"
"TCAGATGTCAGCGACC-1","G1S"
"TCAGATGTCATGCATG-1","G1"
"TCAGCAAAGCTACCTA-1","G2"
"TCAGCAAAGTGTCCAT-1","G1S"
"TCAGCAACAGTAAGAT-1","M"
"TCAGCAAGTACCCAAT-1","G2M"
"TCAGCAATCTCGCTTG-1","G1"
"TCAGCTCAGGTACTCT-1","G1"
"TCAGCTCCAAATTGCC-1","G1"
"TCAGCTCCAGCCTTGG-1","G1"
"TCAGCTCCAGTCGATT-1","G1S"
"TCAGCTCCATGGGACA-1","G1"
"TCAGCTCGTTGATTCG-1","G1"
"TCAGCTCTCTCGGACG-1","G2M"
"TCAGCTCTCTTAACCT-1","G1"
"TCAGCTCTCTTGTATC-1","G1"
"TCAGGATGTAATAGCA-1","M"
"TCAGGATTCTTACCTA-1","M"
"TCAGGTAAGCGGATCA-1","G1"
"TCAGGTAAGTCCTCCT-1","M"
"TCAGGTACAGGCGATA-1","G1"
"TCAGGTATCACTTCAT-1","G1S"
"TCAGGTATCGTCTGCT-1","M"
"TCATTACAGTCGTTTG-1","G1"
"TCATTACCACACCGCA-1","G1S"
"TCATTACCACAGGTTT-1","G1"
"TCATTACGTAGAGCTG-1","G1"
"TCATTACGTTTGTTTC-1","G1"
"TCATTACTCTTCCTTC-1","G1"
"TCATTTGAGAGTACAT-1","G1"
"TCATTTGAGCTACCGC-1","G1"
"TCATTTGAGCTAGTGG-1","G1"
"TCATTTGCAGTAACGG-1","G1"
"TCATTTGCATCCTAGA-1","M"
"TCATTTGTCGAGAGCA-1","G1"
"TCATTTGTCGTGGACC-1","G1"
"TCCACACAGCGTGAGT-1","G1"
"TCCACACCAAGCCCAC-1","G2M"
"TCCACACCAATGGAGC-1","G1S"
"TCCACACCAGCGATCC-1","G1S"
"TCCACACGTGTTAAGA-1","G1"
"TCCACACTCCCATTAT-1","G1"
"TCCACACTCGGCTTGG-1","G1"
"TCCCGATAGCGTTCCG-1","G1"
"TCCCGATAGGCATTGG-1","G1"
"TCCCGATCACTAAGTC-1","G1"
"TCCCGATTCACGCATA-1","G1"
"TCCCGATTCAGGTAAA-1","G1S"
"TCCCGATTCCGTTGCT-1","G1S"
"TCGAGGCCACGACTCG-1","G1"
"TCGAGGCCATAACCTG-1","G1"
"TCGAGGCGTAAGAGAG-1","M"
"TCGAGGCGTTCACCTC-1","G1"
"TCGAGGCTCAACACAC-1","G1"
"TCGCGAGAGATGTAAC-1","G1S"
"TCGCGAGAGGATCGCA-1","G1"
"TCGCGAGAGGCATTGG-1","G1S"
"TCGCGAGAGTCGAGTG-1","G1"
"TCGCGAGCAACGATGG-1","G1"
"TCGCGAGCACTGAAGG-1","G1"
"TCGCGAGCAGGACCCT-1","G1"
"TCGCGAGCATCGGAAG-1","G1"
"TCGCGAGGTTACAGAA-1","G1"
"TCGCGAGTCCTCAACC-1","G1"
"TCGCGTTAGAGGTTAT-1","G1"
"TCGCGTTAGCCAGGAT-1","G1"
"TCGCGTTGTAGAGCTG-1","G1S"
"TCGCGTTTCAAACCGT-1","M"
"TCGCGTTTCGTTTAGG-1","G1"
"TCGGGACAGACGCACA-1","G1"
"TCGGGACAGCAAATCA-1","G1"
"TCGGGACCAGTCACTA-1","G1"
"TCGGGACGTCTTCTCG-1","G1"
"TCGGGACTCAGAAATG-1","G1S"
"TCGGGACTCCGTACAA-1","G1"
"TCGGGACTCGGGAGTA-1","G1S"
"TCGGGACTCTGTCCGT-1","G1S"
"TCGGTAAAGCTAGCCC-1","G1"
"TCGGTAACACACAGAG-1","G1"
"TCGGTAACACGTCTCT-1","G1"
"TCGGTAACAGCGTAAG-1","G1"
"TCGGTAAGTCGCATAT-1","G1"
"TCGGTAAGTTGCGCAC-1","G1"
"TCGGTAAGTTGCTCCT-1","G1S"
"TCGGTAAGTTGTGGAG-1","G1"
"TCGTACCAGCACCGCT-1","G1"
"TCGTACCCATTCTCAT-1","G1"
"TCGTACCGTCATGCAT-1","G1"
"TCGTACCGTCTAGTGT-1","G1"
"TCGTAGAAGATCCCAT-1","G1S"
"TCGTAGACAAACTGTC-1","G1"
"TCGTAGACAAGCTGGA-1","M"
"TCGTAGACAAGGTTCT-1","G1"
"TCGTAGACACGAGGTA-1","G1"
"TCGTAGACATAGTAAG-1","G1"
"TCGTAGACATGGTCAT-1","G1"
"TCGTAGAGTGAGCGAT-1","G1"
"TCGTAGATCATTATCC-1","G2M"
"TCGTAGATCATTGCGA-1","G1"
"TCTATTGAGTTACCCA-1","G2"
"TCTATTGCATTGAGCT-1","G1"
"TCTATTGGTGTGCGTC-1","M"
"TCTATTGTCGCTTAGA-1","G1S"
"TCTCATAAGGATATAC-1","G1"
"TCTCATAAGGCAAAGA-1","M"
"TCTCATAAGGGCTCTC-1","M"
"TCTCATAAGTGAAGAG-1","M"
"TCTCATACACAGGCCT-1","M"
"TCTCATAGTCACAAGG-1","G1"
"TCTCATAGTCGGCACT-1","G1"
"TCTCATAGTTCAGGCC-1","G1"
"TCTCATATCGATAGAA-1","G1"
"TCTCTAAAGCGTAGTG-1","M"
"TCTCTAAAGGAGCGTT-1","M"
"TCTCTAAAGGCAGTCA-1","M"
"TCTCTAAAGTCTCCTC-1","G1"
"TCTCTAATCAGCTGGC-1","G1"
"TCTCTAATCCGTACAA-1","G1S"
"TCTGAGAAGAAGGCCT-1","G1"
"TCTGAGAAGCTAGTCT-1","G1"
"TCTGAGAAGTCCCACG-1","G1"
"TCTGAGACAATAAGCA-1","S"
"TCTGAGACAGTATCTG-1","G1"
"TCTGAGACATCGATGT-1","M"
"TCTGAGAGTCCGCTGA-1","G1"
"TCTGAGAGTTCAGGCC-1","M"
"TCTGAGATCTTGGGTA-1","M"
"TCTGGAACAAGCGCTC-1","G1"
"TCTGGAACATGTTCCC-1","G1"
"TCTGGAATCCTTTCTC-1","G1"
"TCTGGAATCGGCGGTT-1","G1"
"TCTGGAATCTACTCAT-1","G1"
"TCTTCGGAGAGGACGG-1","M"
"TCTTCGGCACTAAGTC-1","G1"
"TCTTCGGCAGTCAGAG-1","M"
"TCTTCGGCAGTCAGCC-1","G2M"
"TCTTCGGGTATAGTAG-1","M"
"TCTTCGGTCGGTCTAA-1","G1"
"TCTTCGGTCTGTCTAT-1","G1"
"TCTTTCCAGCTAGGCA-1","G1"
"TCTTTCCAGTACATGA-1","M"
"TCTTTCCCATAACCTG-1","G1"
"TCTTTCCGTTTAGCTG-1","G1"
"TCTTTCCTCGTACGGC-1","G1"
"TCTTTCCTCTGCTTGC-1","G1"
"TGAAAGAAGCTAAACA-1","G2"
"TGAAAGAAGGTCGGAT-1","G1"
"TGAAAGACACCTTGTC-1","G1"
"TGAAAGACAGGACCCT-1","G1"
"TGAAAGACATACTCTT-1","G1"
"TGAAAGAGTCAGAGGT-1","G1"
"TGAAAGAGTGCCTGCA-1","G1"
"TGAAAGAGTGTTCTTT-1","G1"
"TGAAAGATCTTTCCTC-1","G1"
"TGACAACAGACTGTAA-1","M"
"TGACAACAGTGAACAT-1","G1"
"TGACAACAGTGCGTGA-1","G1"
"TGACAACCACACCGAC-1","G1"
"TGACAACCAGGAATCG-1","S"
"TGACAACGTCATATGC-1","G1"
"TGACAACGTCTTGTCC-1","G1"
"TGACAACTCCTGCTTG-1","G1"
"TGACAACTCGCAAACT-1","G1S"
"TGACGGCAGGAACTGC-1","M"
"TGACGGCAGGCATGGT-1","G1"
"TGACGGCCAAGCCCAC-1","G1"
"TGACGGCCACAGTCGC-1","G1"
"TGACGGCGTAATCGTC-1","M"
"TGACGGCGTCATGCAT-1","G1S"
"TGACGGCGTCGCGAAA-1","G1"
"TGACGGCTCAGAAATG-1","M"
"TGACGGCTCCTATTCA-1","G1"
"TGACGGCTCTCTGCTG-1","G1"
"TGACGGCTCTTTAGTC-1","G1"
"TGACTAGAGCCGATTT-1","G1S"
"TGACTAGAGTCACGCC-1","G1"
"TGACTAGCAGGACGTA-1","G1"
"TGACTAGCAGGCTGAA-1","G1"
"TGACTAGTCGCGATCG-1","G1"
"TGACTAGTCTAGCACA-1","G1S"
"TGACTTTAGAATTGTG-1","G1"
"TGACTTTAGGGCATGT-1","G1"
"TGACTTTCATGTTCCC-1","G1S"
"TGACTTTGTAATAGCA-1","G1"
"TGACTTTGTCATATGC-1","G1"
"TGACTTTGTGTGGTTT-1","M"
"TGACTTTTCACGAAGG-1","G1"
"TGACTTTTCCGTACAA-1","G1"
"TGAGAGGCACAACGTT-1","M"
"TGAGAGGGTCGCATCG-1","G1"
"TGAGAGGGTCGGCTCA-1","G1"
"TGAGAGGTCCTTTACA-1","G1"
"TGAGAGGTCGCGATCG-1","G1S"
"TGAGAGGTCTCCTATA-1","G1"
"TGAGCATAGGGATGGG-1","M"
"TGAGCATAGTGACTCT-1","G1"
"TGAGCATCAAAGAATC-1","G1"
"TGAGCATGTCTCCCTA-1","G1"
"TGAGCATTCCTTAATC-1","G1"
"TGAGCCGAGATCTGCT-1","G1"
"TGAGCCGTCCACTGGG-1","G1S"
"TGAGCCGTCTTGAGGT-1","G1"
"TGAGCCGTCTTGTTTG-1","G1"
"TGAGGGAAGACTTGAA-1","M"
"TGAGGGAAGTGGGATC-1","G1"
"TGAGGGACAACGATGG-1","M"
"TGAGGGACAACTTGAC-1","G1"
"TGAGGGACAGTACACT-1","G1"
"TGAGGGAGTACCATCA-1","G1"
"TGAGGGAGTGATGCCC-1","G1"
"TGAGGGATCACATACG-1","G1"
"TGAGGGATCACCTTAT-1","G1"
"TGATTTCCATTAGCCA-1","M"
"TGATTTCGTACCGTTA-1","G1"
"TGATTTCGTCTCTCTG-1","G1"
"TGATTTCGTGCAGGTA-1","G1"
"TGATTTCGTTATTCTC-1","G1S"
"TGATTTCTCCGAAGAG-1","M"
"TGATTTCTCTAGCACA-1","G1S"
"TGATTTCTCTGTGCAA-1","G1"
"TGCACCTAGCAGATCG-1","G1"
"TGCACCTAGCGCTCCA-1","G1"
"TGCACCTCAATCAGAA-1","G1"
"TGCCAAAAGCAGATCG-1","G1"
"TGCCAAAGTACTCAAC-1","G2M"
"TGCCAAAGTGCGGTAA-1","G1S"
"TGCCAAAGTGTCGCTG-1","G1S"
"TGCCAAATCATATCGG-1","G1S"
"TGCCAAATCCAGAGGA-1","G1"
"TGCCAAATCGCCAAAT-1","G2M"
"TGCCCATAGGAGTCTG-1","M"
"TGCCCATAGGGTGTGT-1","G1"
"TGCCCATAGGTGCACA-1","G1"
"TGCCCATAGTGGAGTC-1","G1S"
"TGCCCATCACCTCGTT-1","G1"
"TGCCCATCACGCGAAA-1","G1"
"TGCCCATCACTATCTT-1","G1S"
"TGCCCATGTAAGTGTA-1","G1S"
"TGCCCATGTAGGACAC-1","G1"
"TGCCCATGTATGGTTC-1","G1"
"TGCCCATGTGTGAAAT-1","G1"
"TGCCCATGTTGGTAAA-1","G1"
"TGCCCATTCCATGAGT-1","G1"
"TGCCCATTCCCGGATG-1","G1"
"TGCCCATTCTGCTTGC-1","G1"
"TGCCCTAAGATCCCAT-1","M"
"TGCCCTAAGCTAGGCA-1","G1S"
"TGCCCTAAGTTCGATC-1","G1"
"TGCCCTAAGTTCGCGC-1","S"
"TGCCCTAAGTTGTCGT-1","G1"
"TGCCCTACAATGGATA-1","G1"
"TGCCCTACATTGTGCA-1","G2M"
"TGCCCTAGTGTGGTTT-1","G2M"
"TGCCCTATCAAGAAGT-1","M"
"TGCCCTATCACAACGT-1","M"
"TGCCCTATCCACGTGG-1","G1S"
"TGCGCAGAGGTCATCT-1","G1S"
"TGCGCAGGTCGAGATG-1","G1"
"TGCGCAGGTTCCGTCT-1","G1S"
"TGCGCAGTCGGAAACG-1","G1"
"TGCGGGTAGACAAGCC-1","G1"
"TGCGGGTAGGCTACGA-1","G1"
"TGCGGGTAGGTAGCTG-1","G1S"
"TGCGGGTCATCGACGC-1","M"
"TGCGGGTCATCGGAAG-1","G1"
"TGCGGGTTCACCCTCA-1","M"
"TGCGTGGAGAGCCTAG-1","G1"
"TGCGTGGCAGACAGGT-1","G1"
"TGCGTGGCAGGGATTG-1","G1"
"TGCGTGGGTAAATGAC-1","M"
"TGCGTGGGTCATATGC-1","M"
"TGCGTGGGTCTTGCGG-1","G1S"
"TGCGTGGGTGCAGTAG-1","G1"
"TGCTACCAGGATGTAT-1","M"
"TGCTACCAGTGGAGAA-1","G1S"
"TGCTACCCAAATCCGT-1","M"
"TGCTACCCAAGTAATG-1","G1"
"TGCTACCCAATCCGAT-1","G1S"
"TGCTACCCAGGGTTAG-1","G1S"
"TGCTACCCAGTTAACC-1","G1"
"TGCTACCGTGGCTCCA-1","M"
"TGCTACCTCCGCTGTT-1","G2M"
"TGCTGCTCAGATGAGC-1","G1"
"TGCTGCTGTCACTTCC-1","G1"
"TGCTGCTGTCGCATCG-1","G1"
"TGCTGCTGTTCGTGAT-1","G1"
"TGCTGCTTCAAACCAC-1","G2M"
"TGCTGCTTCACATACG-1","G1"
"TGCTGCTTCAGCTGGC-1","M"
"TGGACGCAGCCGTCGT-1","G1"
"TGGACGCCAAAGGTGC-1","G1"
"TGGACGCGTGAAATCA-1","G1"
"TGGACGCGTTTGGCGC-1","G1"
"TGGACGCTCACCGGGT-1","G1"
"TGGACGCTCGCATGGC-1","G1"
"TGGCCAGAGATGTGGC-1","G1S"
"TGGCCAGGTAGTAGTA-1","M"
"TGGCCAGGTCCGCTGA-1","G1"
"TGGCCAGTCTAAGCCA-1","G1"
"TGGCGCAAGACAGACC-1","G2M"
"TGGCGCAAGTCCGTAT-1","G1"
"TGGCGCACACCACGTG-1","G1"
"TGGCGCACATGCCACG-1","G1"
"TGGCGCAGTTTCCACC-1","G1S"
"TGGCGCATCAGTTGAC-1","G1"
"TGGCTGGAGAGTCTGG-1","G1"
"TGGCTGGAGGGATGGG-1","G1"
"TGGCTGGCACGCGAAA-1","M"
"TGGCTGGCAGCCACCA-1","G1"
"TGGCTGGGTCCGAAGA-1","G1"
"TGGCTGGGTCGCTTTC-1","G1"
"TGGCTGGTCCTCTAGC-1","G1"
"TGGCTGGTCTCTGCTG-1","G1"
"TGGCTGGTCTGTACGA-1","G1"
"TGGGAAGAGATCCCGC-1","G1"
"TGGGAAGCAGCATACT-1","G1"
"TGGGAAGCAGTACACT-1","M"
"TGGGAAGCATTAGCCA-1","G1"
"TGGGAAGGTCTGGAGA-1","G1"
"TGGGAAGGTGCAGTAG-1","G1"
"TGGGAAGTCTGGTTCC-1","M"
"TGGGAAGTCTTGTATC-1","G1"
"TGGGCGTAGCCGGTAA-1","G1"
"TGGGCGTAGCTGAAAT-1","G1"
"TGGGCGTCAAGAAGAG-1","G1"
"TGGGCGTCAAGTACCT-1","G2M"
"TGGGCGTCAAGTCATC-1","G1"
"TGGGCGTCACGCCAGT-1","M"
"TGGGCGTCAGCCTTTC-1","G1"
"TGGGCGTTCACTTACT-1","G1"
"TGGGCGTTCCACGAAT-1","G1"
"TGGGCGTTCTGATACG-1","G1"
"TGGTTAGAGACCACGA-1","G1"
"TGGTTAGAGAGCCCAA-1","M"
"TGGTTAGAGCAGGCTA-1","G1S"
"TGGTTAGAGCGCCTCA-1","G1"
"TGGTTAGAGGTGCAAC-1","G1S"
"TGGTTAGAGTCGTACT-1","G2M"
"TGGTTAGCACCATCCT-1","M"
"TGGTTAGGTCTCTCGT-1","G1"
"TGGTTAGGTGACTACT-1","G1"
"TGGTTAGGTGTTTGTG-1","G1"
"TGGTTCCAGTATCGAA-1","G1"
"TGGTTCCAGTCAAGGC-1","G1"
"TGGTTCCGTAAGGATT-1","G1S"
"TGGTTCCGTGCGGTAA-1","M"
"TGGTTCCGTTCCCGAG-1","G1"
"TGGTTCCTCCTATGTT-1","M"
"TGTATTCAGTAGTGCG-1","G1"
"TGTATTCCACGAAAGC-1","G1S"
"TGTATTCCAGCTCGCA-1","M"
"TGTATTCGTCAAAGAT-1","M"
"TGTATTCGTCCGTCAG-1","M"
"TGTATTCGTCTGATTG-1","G1"
"TGTATTCTCTCAAGTG-1","G2M"
"TGTCCCACAAGTCTGT-1","G1"
"TGTCCCACATTGTGCA-1","G1"
"TGTCCCAGTAGCACGA-1","G1"
"TGTCCCAGTCCCTACT-1","G1"
"TGTCCCAGTCGAGTTT-1","G1"
"TGTCCCAGTCTAAAGA-1","G1"
"TGTCCCAGTCTTGTCC-1","G1"
"TGTGGTAAGAGACTTA-1","G1S"
"TGTGGTACACAGGAGT-1","G1S"
"TGTGGTAGTATATGAG-1","G2M"
"TGTGGTAGTCAGCTAT-1","G1"
"TGTGGTAGTGACGGTA-1","G1"
"TGTGGTATCAACACAC-1","G1"
"TGTGGTATCCAAGCCG-1","G2M"
"TGTGGTATCCCTCAGT-1","G1"
"TGTGTTTCAGCTCGCA-1","G1"
"TGTGTTTGTGACCAAG-1","G1"
"TGTGTTTTCTGGTTCC-1","M"
"TGTGTTTTCTTGGGTA-1","G1"
"TGTTCCGAGGACTGGT-1","G1"
"TGTTCCGAGGGTTTCT-1","G1"
"TGTTCCGAGTATTGGA-1","M"
"TGTTCCGCAAACCCAT-1","G1"
"TGTTCCGCAAAGAATC-1","G1"
"TGTTCCGCAAGGACAC-1","G1S"
"TGTTCCGCACCGCTAG-1","M"
"TGTTCCGCACGGTAGA-1","G1"
"TGTTCCGGTCCAGTGC-1","G1S"
"TGTTCCGGTTGCGTTA-1","G1"
"TGTTCCGTCATGTGGT-1","G1"
"TTAACTCAGAAACCAT-1","G1"
"TTAACTCAGCCGATTT-1","G1"
"TTAACTCAGGTGACCA-1","M"
"TTAACTCCAAACCTAC-1","G1"
"TTAACTCCAACACCTA-1","G1"
"TTAACTCCACCCAGTG-1","G1"
"TTAACTCGTATCAGTC-1","G1"
"TTAACTCGTGGCAAAC-1","G1"
"TTAACTCGTGGGTATG-1","G1"
"TTAACTCGTTTGACAC-1","G1"
"TTAACTCTCAGGATCT-1","G2"
"TTAGGACCATATGGTC-1","G1"
"TTAGGACGTGCACTTA-1","G1"
"TTAGGACTCCAAGTAC-1","G1S"
"TTAGGACTCGAGCCCA-1","S"
"TTAGGACTCTAACGGT-1","G1"
"TTAGGACTCTCTTATG-1","G1S"
"TTAGGCAGTAGCGCAA-1","M"
"TTAGGCAGTCAGAATA-1","G1"
"TTAGGCAGTCGTTGTA-1","G1"
"TTAGGCAGTCTCACCT-1","M"
"TTAGGCATCATACGGT-1","G1"
"TTAGGCATCCCAGGTG-1","G1"
"TTAGGCATCCGCAAGC-1","G1"
"TTAGGCATCGCAGGCT-1","G1S"
"TTAGTTCAGGACTGGT-1","G1"
"TTAGTTCCACAGGTTT-1","S"
"TTAGTTCTCACAACGT-1","G1S"
"TTAGTTCTCGTCTGAA-1","G1"
"TTAGTTCTCTACCAGA-1","G2"
"TTATGCTAGCTAAGAT-1","G1"
"TTATGCTCACCATGTA-1","G1"
"TTATGCTGTGCCTTGG-1","G1S"
"TTATGCTGTTCAGACT-1","G1S"
"TTATGCTGTTTGACAC-1","G1"
"TTCCCAGAGAGACGAA-1","G1"
"TTCCCAGCAAGCTGGA-1","G1"
"TTCCCAGCATTTGCTT-1","G1"
"TTCCCAGGTCATGCCG-1","G1"
"TTCGAAGCAGGAATCG-1","G1"
"TTCGAAGCATGTTGAC-1","G1"
"TTCGAAGTCCCAGGTG-1","G1S"
"TTCGAAGTCTGCCCTA-1","G1"
"TTCGAAGTCTTTAGTC-1","G1"
"TTCGGTCAGCTAACAA-1","G1S"
"TTCGGTCCAAGTAATG-1","G1"
"TTCGGTCCAGTCCTTC-1","G1S"
"TTCGGTCGTAGAGGAA-1","M"
"TTCGGTCGTCGCGTGT-1","G2"
"TTCGGTCGTTATCCGA-1","G1"
"TTCGGTCTCCTTTCTC-1","G1"
"TTCTACAAGAGAGCTC-1","G1"
"TTCTACAAGTGAACAT-1","G1"
"TTCTACACAAATACAG-1","G1"
"TTCTACACAATAGCGG-1","G1"
"TTCTACACAGCTGCTG-1","G1"
"TTCTACACATGGGACA-1","G1"
"TTCTACACATGTCGAT-1","M"
"TTCTACACATGTTCCC-1","G1"
"TTCTACAGTCTAGCGC-1","G1S"
"TTCTCAAAGCAGGTCA-1","G1"
"TTCTCAACACAAGTAA-1","G1S"
"TTCTCAACACGGCCAT-1","M"
"TTCTCAAGTCCAGTGC-1","G2M"
"TTCTCAAGTTAGAACA-1","G1"
"TTCTCAATCCCGGATG-1","G1"
"TTCTCCTAGTCACGCC-1","M"
"TTCTCCTCAAGTAATG-1","G1"
"TTCTCCTCACCTATCC-1","G1"
"TTCTCCTCAGGTCGTC-1","G1"
"TTCTCCTCATTCCTGC-1","G1"
"TTCTCCTGTAATCACC-1","M"
"TTCTCCTGTGAGGCTA-1","G1"
"TTCTCCTTCCAGTAGT-1","G1"
"TTCTCCTTCTGGTTCC-1","G1"
"TTCTTAGAGCCAACAG-1","M"
"TTCTTAGAGCTTATCG-1","G1S"
"TTCTTAGAGGATTCGG-1","G1"
"TTCTTAGCAGCTATTG-1","G1"
"TTCTTAGCATCACAAC-1","G1S"
"TTCTTAGGTGTGACGA-1","G1"
"TTCTTAGGTTAAAGAC-1","G1"
"TTCTTAGTCAACACCA-1","G1"
"TTCTTAGTCCCTCAGT-1","G1"
"TTCTTAGTCTCAAGTG-1","G1"
"TTCTTAGTCTCCCTGA-1","G1"
"TTCTTAGTCTTAACCT-1","G1S"
"TTGAACGCAAGCCCAC-1","G1"
"TTGAACGCACGAAACG-1","M"
"TTGAACGCATATACGC-1","G1"
"TTGAACGCATTACCTT-1","G1"
"TTGAACGGTGACGGTA-1","G1"
"TTGAACGTCAGAAATG-1","M"
"TTGAACGTCTGGTTCC-1","G1"
"TTGACTTCAAGAGTCG-1","M"
"TTGACTTCACATGGGA-1","M"
"TTGACTTGTCTACCTC-1","G1"
"TTGACTTGTTCAACCA-1","G1"
"TTGACTTGTTCCGTCT-1","M"
"TTGACTTTCCTCATTA-1","G1"
"TTGCCGTAGCAATCTC-1","G1"
"TTGCCGTCAAGCCATT-1","G2"
"TTGCCGTTCCGTCAAA-1","M"
"TTGCGTCAGCGTGTCC-1","G1"
"TTGCGTCGTCACTTCC-1","M"
"TTGCGTCGTGAGGGTT-1","M"
"TTGCGTCGTTAGTGGG-1","M"
"TTGGAACAGATCCCAT-1","G1"
"TTGGAACAGCAACGGT-1","M"
"TTGGAACCACGTCAGC-1","G1S"
"TTGGAACCAGACTCGC-1","G1"
"TTGGAACCAGCTCCGA-1","G1"
"TTGGAACCATAGACTC-1","M"
"TTGGAACGTGTATGGG-1","S"
"TTGGAACGTTAGGGTG-1","G1"
"TTGGAACTCACTATTC-1","G1"
"TTGGAACTCCGTAGTA-1","G1"
"TTGGCAAAGCTCCTTC-1","G1"
"TTGGCAAAGGAGTCTG-1","M"
"TTGGCAAAGGGAGTAA-1","G1"
"TTGGCAAAGTGTACTC-1","G1"
"TTGGCAACAAGTCTGT-1","G2M"
"TTGGCAACATACAGCT-1","M"
"TTGGCAAGTGGTAACG-1","G1"
"TTGGCAAGTTAGAACA-1","G2"
"TTGGCAATCCGTAGGC-1","M"
"TTGGCAATCCTCATTA-1","M"
"TTGGCAATCGCCTGAG-1","G1"
"TTGTAGGAGGGATGGG-1","G1"
"TTGTAGGCAAGCTGAG-1","G2M"
"TTGTAGGGTAAACACA-1","G1"
"TTGTAGGGTATAAACG-1","G1"
"TTGTAGGGTCAGAAGC-1","G1S"
"TTGTAGGGTGCTTCTC-1","G1"
"TTGTAGGTCACTTACT-1","G1S"
"TTGTAGGTCCATGAAC-1","G1"
"TTGTAGGTCCCTTGCA-1","G1"
"TTTACTGAGCCCTAAT-1","G1"
"TTTACTGAGGCTACGA-1","G1S"
"TTTACTGCACCACCAG-1","G1S"
"TTTACTGGTCATGCCG-1","M"
"TTTACTGGTCTAGAGG-1","G1"
"TTTACTGTCCTAGAAC-1","G1S"
"TTTATGCAGGATGTAT-1","G1"
"TTTATGCCAATAGAGT-1","G1S"
"TTTATGCCACTACAGT-1","G2M"
"TTTATGCCATCACGAT-1","G1"
"TTTATGCCATCTACGA-1","M"
"TTTATGCTCAACACAC-1","G1S"
"TTTATGCTCAGGATCT-1","G1"
"TTTATGCTCCATTCTA-1","G1"
"TTTATGCTCTCTGAGA-1","G1"
"TTTCCTCAGACTTTCG-1","G1"
"TTTCCTCAGGAGTTTA-1","G1"
"TTTCCTCAGTCCAGGA-1","G1"
"TTTCCTCAGTGTTGAA-1","G1"
"TTTCCTCAGTTAAGTG-1","G2M"
"TTTCCTCCACAACTGT-1","G1"
"TTTCCTCCAGCTCGAC-1","G1"
"TTTCCTCGTACAGACG-1","G1"
"TTTCCTCTCGGATGTT-1","M"
"TTTGCGCGTAGGCATG-1","G1"
"TTTGCGCGTCAAAGAT-1","G1S"
"TTTGCGCGTGACTCAT-1","G1S"
"TTTGCGCGTGCCTGTG-1","G1"
"TTTGCGCGTGGTACAG-1","M"
"TTTGCGCTCAGTTGAC-1","G1"
"TTTGGTTAGGATATAC-1","G1"
"TTTGGTTAGTGGCACA-1","G1"
"TTTGGTTGTAACGACG-1","G1"
"TTTGGTTGTAACGCGA-1","G1"
"TTTGGTTTCCCTTGCA-1","G1S"
"TTTGTCAAGGATGGTC-1","G1"
"TTTGTCAAGGCTACGA-1","G1"
"TTTGTCAGTACAGTGG-1","G1"
"TTTGTCAGTTGATTCG-1","G2M"
"TTTGTCATCAACCAAC-1","G1"
"TTTGTCATCAGAGGTG-1","G1"
