"","x"
"1","G2/M"
"2","G1/G0"
"3","G1/G0"
"4","S"
"5","M"
"6","S"
"7","G1/G0"
"8","S"
"9","M"
"10","G1/G0"
"11","G1/G0"
"12","S"
"13","G2/M"
"14","S"
"15","G2/M"
"16","G1/G0"
"17","S"
"18","S"
"19","G2/M"
"20","G2/M"
"21","G2/M"
"22","M"
"23","G1/G0"
"24","G2/M"
"25","G1/G0"
"26","G1/G0"
"27","M"
"28","G2/M"
"29","G2/M"
"30","G2/M"
"31","G1/G0"
"32","G1/G0"
"33","G1/G0"
"34","G2/M"
"35","M"
"36","M"
"37","S"
"38","M"
"39","G2/M"
"40","S"
"41","G1/G0"
"42","G1/G0"
"43","S"
"44","G2/M"
"45","G1/G0"
"46","G1/G0"
"47","S"
"48","M"
"49","M"
"50","G1/G0"
"51","S"
"52","G1/G0"
"53","G2/M"
"54","S"
"55","G2/M"
"56","G1/G0"
"57","G2/M"
"58","S"
"59","G2/M"
"60","G1/G0"
"61","S"
"62","G1/G0"
"63","S"
"64","M"
"65","S"
"66","G2/M"
"67","S"
"68","G1/G0"
"69","G2/M"
"70","G1/G0"
"71","G2/M"
"72","M"
"73","S"
"74","G1/G0"
"75","S"
"76","G1/G0"
"77","G2/M"
"78","G1/G0"
"79","G1/G0"
"80","G1/G0"
"81","G2/M"
"82","G2/M"
"83","S"
"84","G1/G0"
"85","S"
"86","S"
"87","S"
"88","G1/G0"
"89","G1/G0"
"90","G2/M"
"91","G1/G0"
"92","S"
"93","M"
"94","G1/G0"
"95","G1/G0"
"96","G1/G0"
"97","G2/M"
"98","G1/G0"
"99","G1/G0"
"100","G2/M"
"101","S"
"102","G1/G0"
"103","S"
"104","G1/G0"
"105","S"
"106","G1/G0"
"107","S"
"108","G2/M"
"109","G1/G0"
"110","S"
"111","M"
"112","G1/G0"
"113","G1/G0"
"114","S"
"115","S"
"116","S"
"117","G1/G0"
"118","G1/G0"
"119","M"
"120","G1/G0"
"121","G1/G0"
"122","G2/M"
"123","S"
"124","G1/G0"
"125","G2/M"
"126","G2/M"
"127","S"
"128","S"
"129","S"
"130","S"
"131","G1/G0"
"132","G2/M"
"133","G1/G0"
"134","G1/G0"
"135","G2/M"
"136","M"
"137","M"
"138","G1/G0"
"139","G2/M"
"140","G1/G0"
"141","S"
"142","S"
"143","S"
"144","S"
"145","S"
"146","G1/G0"
"147","G1/G0"
"148","G2/M"
"149","G1/G0"
"150","G2/M"
"151","G2/M"
"152","G2/M"
"153","G1/G0"
"154","G1/G0"
"155","S"
"156","G2/M"
"157","G1/G0"
"158","S"
"159","S"
"160","G2/M"
"161","S"
"162","G1/G0"
"163","G1/G0"
"164","G2/M"
"165","S"
"166","S"
"167","G1/G0"
"168","G1/G0"
"169","G2/M"
"170","G2/M"
"171","M"
"172","S"
"173","S"
"174","G1/G0"
"175","G2/M"
"176","G1/G0"
"177","G1/G0"
"178","G1/G0"
"179","S"
"180","G1/G0"
"181","S"
"182","G1/G0"
"183","G1/G0"
"184","G1/G0"
"185","S"
"186","G1/G0"
"187","G2/M"
"188","S"
"189","G1/G0"
"190","G1/G0"
"191","M"
"192","S"
"193","G2/M"
"194","M"
"195","G2/M"
"196","M"
"197","G2/M"
"198","S"
"199","G2/M"
"200","S"
"201","G2/M"
"202","G2/M"
"203","S"
"204","S"
"205","G1/G0"
"206","S"
"207","G2/M"
"208","G1/G0"
"209","G1/G0"
"210","G1/G0"
"211","G2/M"
"212","G2/M"
"213","G1/G0"
"214","G2/M"
"215","S"
"216","S"
"217","G2/M"
"218","G1/G0"
"219","G2/M"
"220","S"
"221","S"
"222","G1/G0"
"223","G1/G0"
"224","S"
"225","S"
"226","G1/G0"
"227","G2/M"
"228","S"
"229","S"
"230","S"
"231","G1/G0"
"232","G1/G0"
"233","S"
"234","G1/G0"
"235","S"
"236","G1/G0"
"237","M"
"238","G1/G0"
"239","M"
"240","G1/G0"
"241","G2/M"
"242","S"
"243","S"
"244","S"
"245","G1/G0"
"246","G1/G0"
"247","G1/G0"
"248","S"
"249","G2/M"
"250","G1/G0"
"251","G2/M"
"252","G2/M"
"253","S"
"254","G2/M"
"255","G1/G0"
"256","G1/G0"
"257","G2/M"
"258","G1/G0"
"259","S"
"260","G1/G0"
"261","S"
"262","G2/M"
"263","M"
"264","S"
"265","G2/M"
"266","G1/G0"
"267","G1/G0"
"268","G2/M"
"269","S"
"270","S"
"271","G1/G0"
"272","M"
"273","G1/G0"
"274","S"
"275","G1/G0"
"276","G2/M"
"277","G1/G0"
"278","G1/G0"
"279","G1/G0"
"280","M"
"281","S"
"282","G1/G0"
"283","G1/G0"
"284","S"
"285","S"
"286","S"
"287","M"
"288","G2/M"
"289","S"
"290","S"
"291","G2/M"
"292","G1/G0"
"293","G2/M"
"294","M"
"295","M"
"296","G2/M"
"297","S"
"298","S"
"299","S"
"300","G1/G0"
"301","S"
"302","M"
"303","G2/M"
"304","S"
"305","G1/G0"
"306","S"
"307","S"
"308","G2/M"
"309","G1/G0"
"310","S"
"311","G1/G0"
"312","G2/M"
"313","G1/G0"
"314","G2/M"
"315","G1/G0"
"316","G1/G0"
"317","S"
"318","G1/G0"
"319","G1/G0"
"320","S"
"321","M"
"322","G2/M"
"323","M"
"324","G1/G0"
"325","G1/G0"
"326","G1/G0"
"327","G1/G0"
"328","M"
"329","G1/G0"
"330","S"
"331","G1/G0"
"332","G2/M"
"333","G2/M"
"334","M"
"335","G2/M"
"336","S"
"337","S"
"338","G2/M"
"339","G1/G0"
"340","G1/G0"
"341","G1/G0"
"342","G2/M"
"343","G1/G0"
"344","G1/G0"
"345","G2/M"
"346","G1/G0"
"347","G1/G0"
"348","G1/G0"
"349","S"
"350","G2/M"
"351","S"
"352","S"
"353","G2/M"
"354","G1/G0"
"355","G1/G0"
"356","S"
"357","G1/G0"
"358","G2/M"
"359","M"
"360","G1/G0"
"361","S"
"362","G1/G0"
"363","S"
"364","G1/G0"
"365","G1/G0"
"366","G2/M"
"367","M"
"368","G2/M"
"369","M"
"370","G1/G0"
"371","G1/G0"
"372","G1/G0"
"373","G2/M"
"374","S"
"375","G1/G0"
"376","M"
"377","M"
"378","G2/M"
"379","G1/G0"
"380","G1/G0"
"381","G2/M"
"382","S"
"383","G2/M"
"384","S"
"385","G2/M"
"386","G1/G0"
"387","G2/M"
"388","S"
"389","S"
"390","S"
"391","S"
"392","S"
"393","G1/G0"
"394","G1/G0"
"395","S"
"396","M"
"397","G1/G0"
"398","G1/G0"
"399","G2/M"
"400","G1/G0"
"401","G2/M"
"402","S"
"403","G1/G0"
"404","S"
"405","G1/G0"
"406","G1/G0"
"407","G1/G0"
"408","G1/G0"
"409","G1/G0"
"410","G1/G0"
"411","S"
"412","S"
"413","S"
"414","S"
"415","S"
"416","G1/G0"
"417","G1/G0"
"418","G1/G0"
"419","G2/M"
"420","G1/G0"
"421","S"
"422","G2/M"
"423","G1/G0"
"424","S"
"425","G1/G0"
"426","G2/M"
"427","G2/M"
"428","G1/G0"
"429","S"
"430","S"
"431","G1/G0"
"432","G1/G0"
"433","G1/G0"
"434","G2/M"
"435","M"
"436","S"
"437","S"
"438","G1/G0"
"439","S"
"440","G2/M"
"441","S"
"442","G2/M"
"443","S"
"444","S"
"445","G2/M"
"446","G1/G0"
"447","G1/G0"
"448","G1/G0"
"449","G2/M"
"450","G2/M"
"451","S"
"452","S"
"453","G1/G0"
"454","G1/G0"
"455","G2/M"
"456","G1/G0"
"457","G1/G0"
"458","G1/G0"
"459","G2/M"
"460","G1/G0"
"461","G2/M"
"462","G2/M"
"463","M"
"464","S"
"465","G1/G0"
"466","G1/G0"
"467","G1/G0"
"468","G1/G0"
"469","G1/G0"
"470","S"
"471","S"
"472","M"
"473","G1/G0"
"474","S"
"475","S"
"476","G1/G0"
"477","S"
"478","G2/M"
"479","G1/G0"
"480","G1/G0"
"481","G1/G0"
"482","G1/G0"
"483","G1/G0"
"484","G1/G0"
"485","G1/G0"
"486","G2/M"
"487","G1/G0"
"488","S"
"489","G1/G0"
"490","S"
"491","G1/G0"
"492","G1/G0"
"493","M"
"494","S"
"495","M"
"496","G1/G0"
"497","G2/M"
"498","G1/G0"
"499","G2/M"
"500","S"
"501","G1/G0"
"502","G2/M"
"503","M"
"504","M"
"505","M"
"506","S"
"507","G1/G0"
"508","G2/M"
"509","S"
"510","M"
"511","S"
"512","G1/G0"
"513","G1/G0"
"514","S"
"515","S"
"516","G1/G0"
"517","G2/M"
"518","S"
"519","G1/G0"
"520","G2/M"
"521","S"
"522","G1/G0"
"523","M"
"524","S"
"525","G1/G0"
"526","G1/G0"
"527","G2/M"
"528","G1/G0"
"529","G1/G0"
"530","G2/M"
"531","G2/M"
"532","G1/G0"
"533","S"
"534","G2/M"
"535","S"
"536","M"
"537","G1/G0"
"538","M"
"539","G1/G0"
"540","G1/G0"
"541","S"
"542","G1/G0"
"543","G2/M"
"544","G1/G0"
"545","S"
"546","G1/G0"
"547","G1/G0"
"548","G1/G0"
"549","S"
"550","G2/M"
"551","G2/M"
"552","M"
"553","G1/G0"
"554","G2/M"
"555","S"
"556","G1/G0"
"557","S"
"558","S"
"559","S"
"560","M"
"561","G2/M"
"562","G2/M"
"563","G1/G0"
"564","G1/G0"
"565","G2/M"
"566","S"
"567","S"
"568","M"
"569","S"
"570","G1/G0"
"571","M"
"572","S"
"573","M"
"574","G1/G0"
"575","G2/M"
"576","G1/G0"
"577","G2/M"
"578","S"
"579","G1/G0"
"580","S"
"581","S"
"582","S"
"583","S"
"584","S"
"585","M"
"586","S"
"587","G2/M"
"588","G1/G0"
"589","G1/G0"
"590","G1/G0"
"591","S"
"592","G1/G0"
"593","G1/G0"
"594","G1/G0"
"595","G2/M"
"596","G1/G0"
"597","S"
"598","M"
"599","M"
"600","G1/G0"
"601","G2/M"
"602","G2/M"
"603","S"
"604","G2/M"
"605","G1/G0"
"606","G1/G0"
"607","S"
"608","S"
"609","G1/G0"
"610","G2/M"
"611","G1/G0"
"612","S"
"613","G1/G0"
"614","S"
"615","S"
"616","S"
"617","G2/M"
"618","S"
"619","G2/M"
"620","G2/M"
"621","G1/G0"
"622","G1/G0"
"623","S"
"624","S"
"625","S"
"626","S"
"627","G1/G0"
"628","G1/G0"
"629","G1/G0"
"630","G1/G0"
"631","G1/G0"
"632","G1/G0"
"633","M"
"634","G1/G0"
"635","G1/G0"
"636","S"
"637","S"
"638","S"
"639","G1/G0"
"640","S"
"641","M"
"642","G2/M"
"643","G2/M"
"644","S"
"645","G1/G0"
"646","M"
"647","G1/G0"
"648","G2/M"
"649","S"
"650","G1/G0"
"651","G1/G0"
"652","S"
"653","S"
"654","G1/G0"
"655","S"
"656","G1/G0"
"657","G1/G0"
"658","G1/G0"
"659","S"
"660","M"
"661","G2/M"
"662","G2/M"
"663","S"
"664","S"
"665","S"
"666","S"
"667","S"
"668","G2/M"
"669","G1/G0"
"670","G2/M"
"671","G1/G0"
"672","S"
"673","M"
"674","S"
"675","G1/G0"
"676","G1/G0"
"677","G2/M"
"678","G1/G0"
"679","G1/G0"
"680","G1/G0"
"681","G1/G0"
"682","G1/G0"
"683","S"
"684","S"
"685","G2/M"
"686","G1/G0"
"687","G2/M"
"688","G1/G0"
"689","G2/M"
"690","G2/M"
"691","G2/M"
"692","M"
"693","G2/M"
"694","S"
"695","S"
"696","S"
"697","S"
"698","G2/M"
"699","G1/G0"
"700","G2/M"
"701","G1/G0"
"702","G1/G0"
"703","S"
"704","G1/G0"
"705","G2/M"
"706","S"
"707","S"
"708","M"
"709","S"
"710","S"
"711","G1/G0"
"712","G2/M"
"713","G2/M"
"714","S"
"715","G1/G0"
"716","G1/G0"
"717","M"
"718","G1/G0"
"719","S"
"720","G1/G0"
"721","G1/G0"
"722","G1/G0"
"723","G1/G0"
"724","M"
"725","G1/G0"
"726","G1/G0"
"727","G1/G0"
"728","S"
"729","G1/G0"
"730","G2/M"
"731","S"
"732","G1/G0"
"733","G1/G0"
"734","G2/M"
"735","S"
"736","M"
"737","S"
"738","G1/G0"
"739","G1/G0"
"740","G1/G0"
"741","G1/G0"
"742","S"
"743","G1/G0"
"744","S"
"745","S"
"746","G1/G0"
"747","G1/G0"
"748","G1/G0"
"749","G1/G0"
"750","S"
"751","S"
"752","S"
"753","G1/G0"
"754","M"
"755","S"
"756","M"
"757","S"
"758","G1/G0"
"759","G1/G0"
"760","G2/M"
"761","G1/G0"
"762","G1/G0"
"763","G1/G0"
"764","G2/M"
"765","S"
"766","G1/G0"
"767","S"
"768","G1/G0"
"769","S"
"770","G1/G0"
"771","G1/G0"
"772","G1/G0"
"773","S"
"774","G1/G0"
"775","M"
"776","G1/G0"
"777","G1/G0"
"778","G1/G0"
"779","M"
"780","G1/G0"
"781","S"
"782","G1/G0"
"783","G2/M"
"784","G1/G0"
"785","G1/G0"
"786","G1/G0"
"787","G2/M"
"788","S"
"789","G1/G0"
"790","G2/M"
"791","G1/G0"
"792","G1/G0"
"793","G1/G0"
"794","S"
"795","S"
"796","G1/G0"
"797","G2/M"
"798","M"
"799","S"
"800","G2/M"
"801","G2/M"
"802","S"
"803","S"
"804","G1/G0"
"805","M"
"806","S"
"807","G1/G0"
"808","S"
"809","G1/G0"
"810","G1/G0"
"811","M"
"812","G1/G0"
"813","S"
"814","G1/G0"
"815","S"
"816","S"
"817","G1/G0"
"818","S"
"819","S"
"820","S"
"821","G1/G0"
"822","G1/G0"
"823","S"
"824","M"
"825","S"
"826","G1/G0"
"827","G1/G0"
"828","G1/G0"
"829","S"
"830","G2/M"
"831","G1/G0"
"832","S"
"833","G1/G0"
"834","G1/G0"
"835","G1/G0"
"836","M"
"837","S"
"838","G2/M"
"839","G1/G0"
"840","S"
"841","G2/M"
"842","G2/M"
"843","S"
"844","G1/G0"
"845","S"
"846","G1/G0"
"847","G1/G0"
"848","G1/G0"
"849","G2/M"
"850","G2/M"
"851","G1/G0"
"852","S"
"853","G2/M"
"854","M"
"855","M"
"856","G1/G0"
"857","G2/M"
"858","S"
"859","G2/M"
"860","G2/M"
"861","G2/M"
"862","G1/G0"
"863","G1/G0"
"864","G2/M"
"865","G1/G0"
"866","M"
"867","M"
"868","G2/M"
"869","S"
"870","G1/G0"
"871","S"
"872","M"
"873","G2/M"
"874","S"
"875","G2/M"
"876","G2/M"
"877","S"
"878","S"
"879","G2/M"
"880","G2/M"
"881","S"
"882","G1/G0"
"883","G1/G0"
"884","S"
"885","G1/G0"
"886","G1/G0"
"887","G1/G0"
"888","M"
"889","G2/M"
"890","S"
"891","M"
"892","G1/G0"
"893","G2/M"
"894","G1/G0"
"895","G1/G0"
"896","S"
"897","G2/M"
"898","G1/G0"
"899","G1/G0"
"900","G1/G0"
"901","G2/M"
"902","G2/M"
"903","G1/G0"
"904","G2/M"
"905","G1/G0"
"906","S"
"907","S"
"908","M"
"909","G2/M"
"910","G1/G0"
"911","M"
"912","G2/M"
"913","G2/M"
"914","G2/M"
"915","S"
"916","G1/G0"
"917","M"
"918","M"
"919","G2/M"
"920","G2/M"
"921","S"
"922","S"
"923","M"
"924","G2/M"
"925","S"
"926","S"
"927","S"
"928","S"
"929","G2/M"
"930","G1/G0"
"931","S"
"932","M"
"933","S"
"934","S"
"935","G1/G0"
"936","G1/G0"
"937","G2/M"
"938","G1/G0"
"939","G1/G0"
"940","G2/M"
"941","S"
"942","G1/G0"
"943","G2/M"
"944","S"
"945","G2/M"
"946","G2/M"
"947","G2/M"
"948","G2/M"
"949","G1/G0"
"950","G1/G0"
"951","G1/G0"
"952","G1/G0"
"953","S"
"954","G1/G0"
"955","G2/M"
"956","G1/G0"
"957","S"
"958","S"
"959","S"
"960","G2/M"
"961","S"
"962","S"
"963","G2/M"
"964","S"
"965","S"
"966","S"
"967","S"
"968","M"
"969","G2/M"
"970","S"
"971","G1/G0"
"972","G1/G0"
"973","G1/G0"
"974","G1/G0"
"975","G1/G0"
"976","S"
"977","G1/G0"
"978","M"
"979","G2/M"
"980","G2/M"
"981","G2/M"
"982","S"
"983","S"
"984","G1/G0"
"985","G1/G0"
"986","G1/G0"
"987","G2/M"
"988","G1/G0"
"989","G2/M"
"990","G2/M"
"991","G2/M"
"992","G1/G0"
"993","G1/G0"
"994","G2/M"
"995","G1/G0"
"996","G1/G0"
"997","G1/G0"
"998","G1/G0"
"999","S"
"1000","G1/G0"
"1001","M"
"1002","M"
"1003","S"
"1004","S"
"1005","G2/M"
"1006","S"
"1007","G1/G0"
"1008","S"
"1009","G1/G0"
"1010","G2/M"
"1011","S"
"1012","G1/G0"
"1013","G2/M"
"1014","G1/G0"
"1015","G1/G0"
"1016","M"
"1017","M"
"1018","G2/M"
"1019","G2/M"
"1020","S"
"1021","G2/M"
"1022","G1/G0"
"1023","G1/G0"
"1024","S"
"1025","G1/G0"
"1026","S"
"1027","G2/M"
"1028","G2/M"
"1029","G1/G0"
"1030","M"
"1031","G2/M"
"1032","G1/G0"
"1033","G1/G0"
"1034","M"
"1035","S"
"1036","G2/M"
"1037","G1/G0"
"1038","G2/M"
"1039","G2/M"
"1040","G2/M"
"1041","G1/G0"
"1042","M"
"1043","G2/M"
"1044","G2/M"
"1045","G2/M"
"1046","M"
"1047","M"
"1048","G2/M"
"1049","S"
"1050","M"
"1051","G2/M"
"1052","S"
"1053","G1/G0"
"1054","G1/G0"
"1055","G2/M"
"1056","G2/M"
"1057","M"
"1058","G1/G0"
"1059","G2/M"
"1060","S"
"1061","M"
"1062","G1/G0"
"1063","G2/M"
"1064","S"
"1065","G1/G0"
"1066","G2/M"
"1067","G2/M"
"1068","G1/G0"
"1069","G1/G0"
"1070","G1/G0"
"1071","G1/G0"
"1072","S"
"1073","S"
"1074","G2/M"
"1075","G1/G0"
"1076","G2/M"
"1077","S"
"1078","G2/M"
"1079","G2/M"
"1080","G2/M"
"1081","G1/G0"
"1082","G1/G0"
"1083","G2/M"
"1084","S"
"1085","G1/G0"
"1086","G2/M"
"1087","G1/G0"
"1088","S"
"1089","S"
"1090","G1/G0"
"1091","G1/G0"
"1092","G1/G0"
"1093","S"
"1094","G2/M"
"1095","S"
"1096","S"
"1097","G1/G0"
"1098","G1/G0"
"1099","G1/G0"
"1100","S"
"1101","S"
"1102","G1/G0"
"1103","S"
"1104","G1/G0"
"1105","S"
"1106","S"
"1107","G1/G0"
"1108","G1/G0"
"1109","G1/G0"
"1110","G2/M"
"1111","M"
"1112","S"
"1113","S"
"1114","G2/M"
"1115","M"
"1116","S"
"1117","S"
"1118","G1/G0"
"1119","M"
"1120","G1/G0"
"1121","G1/G0"
"1122","G2/M"
"1123","S"
"1124","S"
"1125","S"
"1126","G2/M"
"1127","G1/G0"
"1128","S"
"1129","G2/M"
"1130","G1/G0"
"1131","G2/M"
"1132","G1/G0"
"1133","S"
"1134","G2/M"
"1135","S"
"1136","G1/G0"
"1137","G1/G0"
"1138","G1/G0"
"1139","G2/M"
"1140","M"
"1141","G2/M"
"1142","G2/M"
"1143","G1/G0"
"1144","G1/G0"
"1145","S"
"1146","S"
"1147","S"
"1148","G1/G0"
"1149","G2/M"
"1150","G1/G0"
"1151","G2/M"
"1152","S"
"1153","G1/G0"
"1154","G1/G0"
"1155","S"
"1156","G2/M"
"1157","G2/M"
"1158","S"
"1159","G1/G0"
"1160","S"
"1161","G1/G0"
"1162","S"
"1163","S"
"1164","G1/G0"
"1165","G1/G0"
"1166","G2/M"
"1167","S"
"1168","S"
"1169","G1/G0"
"1170","G2/M"
"1171","G2/M"
"1172","G1/G0"
"1173","G1/G0"
"1174","S"
"1175","S"
"1176","G1/G0"
"1177","G1/G0"
"1178","G1/G0"
"1179","G1/G0"
"1180","G1/G0"
"1181","G2/M"
"1182","G1/G0"
"1183","G1/G0"
"1184","G1/G0"
"1185","G1/G0"
"1186","G2/M"
"1187","G1/G0"
"1188","G1/G0"
"1189","G2/M"
"1190","G1/G0"
"1191","G1/G0"
"1192","G2/M"
"1193","G2/M"
"1194","S"
"1195","G1/G0"
"1196","G1/G0"
"1197","S"
"1198","G1/G0"
"1199","G2/M"
"1200","G2/M"
"1201","G2/M"
"1202","S"
"1203","G1/G0"
"1204","S"
"1205","S"
"1206","G1/G0"
"1207","G2/M"
"1208","S"
"1209","G1/G0"
"1210","G2/M"
"1211","G2/M"
"1212","M"
"1213","M"
"1214","G2/M"
"1215","G2/M"
"1216","G1/G0"
"1217","G2/M"
"1218","S"
"1219","S"
"1220","S"
"1221","G1/G0"
"1222","G1/G0"
"1223","S"
"1224","M"
"1225","G1/G0"
"1226","G2/M"
"1227","S"
"1228","S"
"1229","S"
"1230","G1/G0"
"1231","G2/M"
"1232","G2/M"
"1233","G1/G0"
"1234","G1/G0"
"1235","G2/M"
"1236","G1/G0"
"1237","G1/G0"
"1238","G1/G0"
"1239","G2/M"
"1240","S"
"1241","S"
"1242","S"
"1243","G1/G0"
"1244","G1/G0"
"1245","G1/G0"
"1246","G2/M"
"1247","G1/G0"
"1248","S"
"1249","G1/G0"
"1250","G2/M"
"1251","G1/G0"
"1252","G2/M"
"1253","G1/G0"
"1254","G2/M"
"1255","G1/G0"
"1256","G2/M"
"1257","S"
"1258","G1/G0"
"1259","G2/M"
"1260","G1/G0"
"1261","S"
"1262","G1/G0"
"1263","S"
"1264","G1/G0"
"1265","S"
"1266","G1/G0"
"1267","S"
"1268","S"
"1269","S"
"1270","S"
"1271","G1/G0"
"1272","G1/G0"
"1273","G1/G0"
"1274","G2/M"
"1275","G2/M"
"1276","S"
"1277","G1/G0"
"1278","G1/G0"
"1279","G2/M"
"1280","G1/G0"
"1281","G1/G0"
"1282","S"
"1283","G1/G0"
"1284","G1/G0"
"1285","G1/G0"
"1286","M"
"1287","G2/M"
"1288","S"
"1289","G2/M"
"1290","G2/M"
"1291","G1/G0"
"1292","G2/M"
"1293","M"
"1294","M"
"1295","S"
"1296","G1/G0"
"1297","G2/M"
"1298","G1/G0"
"1299","G1/G0"
"1300","G2/M"
"1301","G1/G0"
"1302","S"
"1303","G1/G0"
"1304","G1/G0"
"1305","S"
"1306","G1/G0"
"1307","G1/G0"
"1308","G1/G0"
"1309","S"
"1310","G1/G0"
"1311","G1/G0"
"1312","M"
"1313","M"
"1314","G2/M"
"1315","G1/G0"
"1316","S"
"1317","S"
"1318","M"
"1319","S"
"1320","G2/M"
"1321","S"
"1322","M"
"1323","G1/G0"
"1324","G1/G0"
"1325","G2/M"
"1326","G1/G0"
"1327","G1/G0"
"1328","S"
"1329","S"
"1330","G1/G0"
"1331","G1/G0"
"1332","S"
"1333","G2/M"
"1334","S"
"1335","G2/M"
"1336","G1/G0"
"1337","M"
"1338","G2/M"
"1339","G1/G0"
"1340","G1/G0"
"1341","S"
"1342","G2/M"
"1343","S"
"1344","G1/G0"
"1345","G1/G0"
"1346","G1/G0"
"1347","G2/M"
"1348","M"
"1349","G2/M"
"1350","G2/M"
"1351","S"
"1352","S"
"1353","G1/G0"
"1354","S"
"1355","G1/G0"
"1356","G1/G0"
"1357","M"
"1358","G1/G0"
"1359","M"
"1360","S"
"1361","G1/G0"
"1362","S"
"1363","S"
"1364","G1/G0"
"1365","G1/G0"
"1366","M"
"1367","G1/G0"
"1368","S"
"1369","G2/M"
"1370","G2/M"
"1371","G1/G0"
"1372","G2/M"
"1373","G1/G0"
"1374","S"
"1375","G1/G0"
"1376","G1/G0"
"1377","G1/G0"
"1378","G2/M"
"1379","G1/G0"
"1380","G2/M"
"1381","G1/G0"
"1382","S"
"1383","G1/G0"
"1384","G2/M"
"1385","G2/M"
"1386","G1/G0"
"1387","G2/M"
"1388","G1/G0"
"1389","G1/G0"
"1390","S"
"1391","G2/M"
"1392","S"
"1393","G2/M"
"1394","G1/G0"
"1395","S"
"1396","S"
"1397","G2/M"
"1398","G2/M"
"1399","G2/M"
"1400","G1/G0"
"1401","G1/G0"
"1402","G2/M"
"1403","G1/G0"
"1404","G1/G0"
"1405","M"
"1406","G1/G0"
"1407","G1/G0"
"1408","G2/M"
"1409","M"
"1410","S"
"1411","G1/G0"
"1412","G1/G0"
"1413","G2/M"
"1414","G1/G0"
"1415","G1/G0"
"1416","G1/G0"
"1417","G1/G0"
"1418","G1/G0"
"1419","S"
"1420","G1/G0"
"1421","S"
"1422","G2/M"
"1423","G2/M"
"1424","G1/G0"
"1425","S"
"1426","S"
"1427","G1/G0"
"1428","G1/G0"
"1429","G2/M"
"1430","G2/M"
"1431","G1/G0"
"1432","G2/M"
"1433","G2/M"
"1434","G1/G0"
"1435","S"
"1436","S"
"1437","M"
"1438","S"
"1439","G1/G0"
"1440","G1/G0"
"1441","S"
"1442","G1/G0"
"1443","S"
"1444","S"
"1445","G1/G0"
"1446","G1/G0"
"1447","S"
"1448","M"
"1449","S"
"1450","S"
"1451","G2/M"
"1452","G1/G0"
"1453","S"
"1454","M"
"1455","G1/G0"
"1456","G1/G0"
"1457","S"
"1458","S"
"1459","G1/G0"
"1460","G2/M"
"1461","M"
"1462","G1/G0"
"1463","S"
"1464","S"
"1465","G1/G0"
"1466","G2/M"
"1467","M"
"1468","S"
"1469","G1/G0"
"1470","G1/G0"
"1471","S"
"1472","G1/G0"
"1473","G2/M"
"1474","G2/M"
"1475","G1/G0"
"1476","G1/G0"
"1477","G1/G0"
"1478","M"
"1479","G1/G0"
"1480","G1/G0"
"1481","S"
"1482","S"
"1483","G1/G0"
"1484","G1/G0"
"1485","S"
"1486","M"
"1487","G2/M"
"1488","G1/G0"
"1489","M"
"1490","G1/G0"
"1491","S"
"1492","S"
"1493","S"
"1494","S"
"1495","G2/M"
"1496","S"
"1497","G1/G0"
"1498","S"
"1499","S"
"1500","S"
"1501","G1/G0"
"1502","M"
"1503","G2/M"
"1504","G1/G0"
"1505","G1/G0"
"1506","M"
"1507","G2/M"
"1508","G2/M"
"1509","G2/M"
"1510","G2/M"
"1511","G1/G0"
"1512","G2/M"
"1513","S"
"1514","G1/G0"
"1515","G1/G0"
"1516","S"
"1517","G2/M"
"1518","G1/G0"
"1519","M"
"1520","G1/G0"
"1521","G2/M"
"1522","S"
"1523","G1/G0"
"1524","G1/G0"
"1525","G1/G0"
"1526","G2/M"
"1527","G1/G0"
"1528","G2/M"
"1529","G1/G0"
"1530","S"
"1531","S"
"1532","G1/G0"
"1533","G1/G0"
"1534","S"
"1535","S"
"1536","G2/M"
"1537","S"
"1538","S"
"1539","G1/G0"
"1540","G1/G0"
"1541","S"
"1542","G1/G0"
"1543","G1/G0"
"1544","G1/G0"
"1545","G1/G0"
"1546","G1/G0"
"1547","S"
"1548","G2/M"
"1549","G1/G0"
"1550","G2/M"
"1551","G1/G0"
"1552","M"
"1553","G1/G0"
"1554","S"
"1555","S"
"1556","M"
"1557","G1/G0"
"1558","S"
"1559","G1/G0"
"1560","S"
"1561","S"
"1562","G1/G0"
"1563","G1/G0"
"1564","G2/M"
"1565","M"
"1566","G1/G0"
"1567","S"
"1568","S"
"1569","G1/G0"
"1570","S"
"1571","G1/G0"
"1572","S"
"1573","G1/G0"
"1574","G2/M"
"1575","G2/M"
"1576","S"
"1577","S"
"1578","G1/G0"
"1579","G1/G0"
"1580","G1/G0"
"1581","G1/G0"
"1582","G1/G0"
"1583","G1/G0"
"1584","S"
"1585","S"
"1586","G2/M"
"1587","G2/M"
"1588","S"
"1589","G1/G0"
"1590","G2/M"
"1591","G1/G0"
"1592","G1/G0"
"1593","G2/M"
"1594","G1/G0"
"1595","G2/M"
"1596","S"
"1597","G1/G0"
"1598","S"
"1599","G1/G0"
"1600","S"
"1601","G1/G0"
"1602","G2/M"
"1603","S"
"1604","G1/G0"
"1605","G1/G0"
"1606","G2/M"
"1607","G1/G0"
"1608","G1/G0"
"1609","G1/G0"
"1610","G1/G0"
"1611","S"
"1612","S"
"1613","G2/M"
"1614","G1/G0"
"1615","G1/G0"
"1616","M"
"1617","G2/M"
"1618","S"
"1619","G1/G0"
"1620","G1/G0"
"1621","G2/M"
"1622","G1/G0"
"1623","G1/G0"
"1624","G1/G0"
"1625","M"
"1626","S"
"1627","G1/G0"
"1628","G1/G0"
"1629","S"
"1630","S"
"1631","G2/M"
"1632","S"
"1633","G2/M"
"1634","S"
"1635","S"
"1636","G1/G0"
"1637","G2/M"
"1638","S"
"1639","G2/M"
"1640","G1/G0"
"1641","M"
"1642","G2/M"
"1643","S"
"1644","G2/M"
"1645","G2/M"
"1646","M"
"1647","S"
"1648","G2/M"
"1649","G1/G0"
"1650","G1/G0"
"1651","M"
"1652","S"
"1653","S"
"1654","M"
"1655","M"
"1656","G1/G0"
"1657","G1/G0"
"1658","G2/M"
"1659","G1/G0"
"1660","S"
"1661","G2/M"
"1662","G1/G0"
"1663","G1/G0"
"1664","G1/G0"
"1665","S"
"1666","S"
"1667","S"
"1668","G2/M"
"1669","S"
"1670","S"
"1671","G2/M"
"1672","G1/G0"
"1673","M"
"1674","S"
"1675","S"
"1676","S"
"1677","G2/M"
"1678","G2/M"
"1679","G2/M"
"1680","G2/M"
"1681","G1/G0"
"1682","G1/G0"
"1683","M"
"1684","G1/G0"
"1685","G2/M"
"1686","G2/M"
"1687","G1/G0"
"1688","S"
"1689","G2/M"
"1690","G2/M"
"1691","G2/M"
"1692","G2/M"
"1693","G1/G0"
"1694","G2/M"
"1695","S"
"1696","G2/M"
"1697","S"
"1698","S"
"1699","G2/M"
"1700","G2/M"
"1701","S"
"1702","S"
"1703","G2/M"
"1704","G2/M"
"1705","S"
"1706","S"
"1707","M"
"1708","G2/M"
"1709","S"
"1710","G1/G0"
"1711","S"
"1712","G1/G0"
"1713","S"
"1714","G1/G0"
"1715","G1/G0"
"1716","S"
"1717","S"
"1718","M"
"1719","G1/G0"
"1720","G2/M"
"1721","G1/G0"
"1722","M"
"1723","G1/G0"
"1724","S"
"1725","G2/M"
"1726","G1/G0"
"1727","G2/M"
"1728","S"
"1729","G2/M"
"1730","S"
"1731","G1/G0"
"1732","S"
"1733","G1/G0"
"1734","G1/G0"
"1735","G1/G0"
"1736","G2/M"
"1737","G1/G0"
"1738","G1/G0"
"1739","G1/G0"
"1740","G1/G0"
"1741","S"
"1742","G2/M"
"1743","G1/G0"
"1744","G2/M"
"1745","G1/G0"
"1746","G2/M"
"1747","G1/G0"
"1748","G1/G0"
"1749","G2/M"
"1750","S"
"1751","G2/M"
"1752","G1/G0"
"1753","G2/M"
"1754","G2/M"
"1755","G1/G0"
"1756","S"
"1757","G2/M"
"1758","S"
"1759","S"
"1760","G1/G0"
"1761","S"
"1762","G1/G0"
"1763","S"
"1764","G1/G0"
"1765","G1/G0"
"1766","S"
"1767","G1/G0"
"1768","S"
"1769","G1/G0"
"1770","G1/G0"
"1771","S"
"1772","S"
"1773","G1/G0"
"1774","G2/M"
"1775","G1/G0"
"1776","S"
"1777","S"
"1778","G1/G0"
"1779","G1/G0"
"1780","S"
"1781","G2/M"
"1782","G2/M"
"1783","S"
"1784","S"
"1785","G1/G0"
"1786","S"
"1787","G1/G0"
"1788","G2/M"
"1789","G1/G0"
"1790","S"
"1791","G1/G0"
"1792","G1/G0"
"1793","G1/G0"
"1794","M"
"1795","G2/M"
"1796","G1/G0"
"1797","S"
"1798","S"
"1799","M"
"1800","M"
"1801","G1/G0"
"1802","G1/G0"
"1803","G2/M"
"1804","G1/G0"
"1805","G2/M"
"1806","S"
"1807","G2/M"
"1808","S"
"1809","G2/M"
"1810","G1/G0"
"1811","G1/G0"
"1812","M"
"1813","G1/G0"
"1814","G1/G0"
"1815","S"
"1816","G1/G0"
"1817","G2/M"
"1818","G1/G0"
"1819","G2/M"
"1820","G1/G0"
"1821","G1/G0"
"1822","G1/G0"
"1823","G1/G0"
"1824","G2/M"
"1825","M"
"1826","G1/G0"
"1827","G1/G0"
"1828","G2/M"
"1829","G1/G0"
"1830","G1/G0"
"1831","S"
"1832","G1/G0"
"1833","G1/G0"
"1834","G1/G0"
"1835","S"
"1836","G1/G0"
"1837","G1/G0"
"1838","S"
"1839","G1/G0"
"1840","G2/M"
"1841","G1/G0"
"1842","M"
"1843","G2/M"
"1844","S"
"1845","S"
"1846","G2/M"
"1847","G1/G0"
"1848","G1/G0"
"1849","G1/G0"
"1850","S"
"1851","G1/G0"
"1852","S"
"1853","G1/G0"
"1854","G1/G0"
"1855","S"
"1856","G1/G0"
"1857","S"
"1858","S"
"1859","S"
"1860","S"
"1861","G2/M"
"1862","S"
"1863","G1/G0"
"1864","G2/M"
"1865","G2/M"
"1866","G2/M"
"1867","G2/M"
"1868","S"
"1869","G2/M"
"1870","G2/M"
"1871","S"
"1872","G1/G0"
"1873","G1/G0"
"1874","S"
"1875","G2/M"
"1876","G1/G0"
"1877","G1/G0"
"1878","G1/G0"
"1879","G1/G0"
"1880","G1/G0"
"1881","S"
"1882","G1/G0"
"1883","M"
"1884","G1/G0"
"1885","G1/G0"
"1886","G1/G0"
"1887","G1/G0"
"1888","S"
"1889","S"
"1890","G2/M"
"1891","S"
"1892","S"
"1893","S"
"1894","S"
"1895","G1/G0"
"1896","S"
"1897","G1/G0"
"1898","S"
"1899","G1/G0"
"1900","M"
"1901","G2/M"
"1902","G2/M"
"1903","S"
"1904","G2/M"
"1905","G2/M"
"1906","S"
"1907","S"
"1908","G1/G0"
"1909","G1/G0"
"1910","G1/G0"
"1911","G1/G0"
"1912","S"
"1913","G1/G0"
"1914","M"
"1915","G1/G0"
"1916","S"
"1917","G2/M"
"1918","S"
"1919","G1/G0"
"1920","M"
"1921","G1/G0"
"1922","S"
"1923","G2/M"
"1924","G1/G0"
"1925","G2/M"
"1926","G2/M"
"1927","G2/M"
"1928","G1/G0"
"1929","G1/G0"
"1930","G2/M"
"1931","G1/G0"
"1932","S"
"1933","S"
"1934","G1/G0"
"1935","G1/G0"
"1936","M"
"1937","G2/M"
"1938","G1/G0"
"1939","G2/M"
"1940","S"
"1941","S"
"1942","G2/M"
"1943","G1/G0"
"1944","M"
"1945","S"
"1946","G1/G0"
"1947","G1/G0"
"1948","G1/G0"
"1949","G2/M"
"1950","M"
"1951","G1/G0"
"1952","G1/G0"
"1953","G1/G0"
"1954","G1/G0"
"1955","G2/M"
"1956","G1/G0"
"1957","G1/G0"
"1958","G2/M"
"1959","M"
"1960","G1/G0"
"1961","G2/M"
"1962","S"
"1963","G2/M"
"1964","S"
"1965","G1/G0"
"1966","M"
"1967","G1/G0"
"1968","G1/G0"
"1969","G1/G0"
"1970","M"
"1971","S"
"1972","G2/M"
"1973","G1/G0"
"1974","M"
"1975","S"
"1976","G1/G0"
"1977","S"
"1978","S"
"1979","M"
"1980","G1/G0"
"1981","G2/M"
"1982","M"
"1983","G2/M"
"1984","S"
"1985","G1/G0"
"1986","S"
"1987","G1/G0"
"1988","G1/G0"
"1989","S"
"1990","G2/M"
"1991","G1/G0"
"1992","S"
"1993","G1/G0"
"1994","G1/G0"
"1995","S"
"1996","G2/M"
"1997","M"
"1998","G2/M"
"1999","G1/G0"
"2000","G2/M"
"2001","S"
"2002","G1/G0"
"2003","S"
"2004","G2/M"
"2005","G2/M"
"2006","S"
"2007","G2/M"
"2008","G2/M"
"2009","G1/G0"
"2010","G2/M"
"2011","G1/G0"
"2012","G2/M"
"2013","G2/M"
"2014","G1/G0"
"2015","S"
"2016","M"
"2017","G1/G0"
"2018","S"
"2019","G1/G0"
"2020","S"
"2021","G1/G0"
"2022","G1/G0"
"2023","S"
"2024","S"
"2025","S"
"2026","G2/M"
"2027","G2/M"
"2028","S"
"2029","G2/M"
"2030","S"
"2031","G1/G0"
"2032","S"
"2033","G1/G0"
"2034","S"
"2035","G1/G0"
"2036","S"
"2037","G2/M"
"2038","G1/G0"
"2039","G2/M"
"2040","G1/G0"
"2041","S"
"2042","G1/G0"
"2043","G2/M"
"2044","G2/M"
"2045","S"
"2046","S"
"2047","G1/G0"
"2048","G2/M"
"2049","S"
"2050","G2/M"
"2051","S"
"2052","S"
"2053","G2/M"
"2054","S"
"2055","G1/G0"
"2056","S"
"2057","S"
"2058","G1/G0"
"2059","S"
"2060","G2/M"
"2061","G2/M"
"2062","G2/M"
"2063","G1/G0"
"2064","G2/M"
"2065","M"
"2066","G1/G0"
"2067","G1/G0"
"2068","G1/G0"
"2069","G1/G0"
"2070","G1/G0"
"2071","G1/G0"
"2072","S"
"2073","S"
"2074","S"
"2075","G1/G0"
"2076","G1/G0"
"2077","G1/G0"
"2078","S"
"2079","S"
"2080","G2/M"
"2081","S"
"2082","S"
"2083","M"
"2084","G1/G0"
"2085","G1/G0"
"2086","S"
"2087","S"
"2088","G2/M"
"2089","M"
"2090","S"
"2091","G2/M"
"2092","S"
"2093","G2/M"
"2094","G1/G0"
"2095","G2/M"
"2096","S"
"2097","G1/G0"
"2098","M"
"2099","G1/G0"
"2100","G1/G0"
"2101","G1/G0"
"2102","S"
"2103","S"
"2104","G2/M"
"2105","S"
"2106","M"
"2107","G1/G0"
"2108","S"
"2109","M"
"2110","M"
"2111","S"
"2112","G2/M"
"2113","G2/M"
"2114","G1/G0"
"2115","G2/M"
"2116","G1/G0"
"2117","M"
"2118","G1/G0"
"2119","G1/G0"
"2120","G2/M"
"2121","S"
"2122","G1/G0"
"2123","G2/M"
"2124","G1/G0"
"2125","G1/G0"
"2126","S"
"2127","G2/M"
"2128","S"
"2129","G1/G0"
"2130","S"
"2131","G1/G0"
"2132","M"
"2133","G1/G0"
"2134","G1/G0"
"2135","G1/G0"
"2136","G1/G0"
"2137","S"
"2138","G1/G0"
"2139","G1/G0"
"2140","G2/M"
"2141","G1/G0"
"2142","G1/G0"
"2143","G1/G0"
"2144","G1/G0"
"2145","G1/G0"
"2146","G2/M"
"2147","G1/G0"
"2148","G1/G0"
"2149","S"
"2150","M"
"2151","G1/G0"
"2152","G2/M"
"2153","S"
"2154","G1/G0"
"2155","G1/G0"
"2156","S"
"2157","G1/G0"
"2158","S"
"2159","S"
"2160","S"
"2161","G2/M"
"2162","S"
"2163","G1/G0"
"2164","G2/M"
"2165","S"
"2166","G2/M"
"2167","G1/G0"
"2168","S"
"2169","S"
"2170","G1/G0"
"2171","S"
"2172","S"
"2173","G1/G0"
"2174","G1/G0"
"2175","G2/M"
"2176","G1/G0"
"2177","S"
"2178","S"
"2179","S"
"2180","S"
"2181","G1/G0"
"2182","M"
"2183","G1/G0"
"2184","G2/M"
"2185","G2/M"
"2186","S"
"2187","G1/G0"
"2188","M"
"2189","G1/G0"
"2190","S"
"2191","S"
"2192","S"
"2193","S"
"2194","G1/G0"
"2195","G2/M"
"2196","S"
"2197","S"
"2198","G2/M"
"2199","G2/M"
"2200","S"
"2201","S"
"2202","S"
"2203","G1/G0"
"2204","S"
"2205","G2/M"
"2206","S"
"2207","G1/G0"
"2208","M"
"2209","S"
"2210","S"
"2211","G1/G0"
"2212","G1/G0"
"2213","S"
"2214","G2/M"
"2215","G2/M"
"2216","G2/M"
"2217","G1/G0"
"2218","G2/M"
"2219","G1/G0"
"2220","S"
"2221","S"
"2222","S"
"2223","M"
"2224","M"
"2225","S"
"2226","S"
"2227","G2/M"
"2228","G2/M"
"2229","G1/G0"
"2230","S"
"2231","G1/G0"
"2232","G2/M"
"2233","G1/G0"
"2234","G1/G0"
"2235","S"
"2236","G2/M"
"2237","S"
"2238","S"
"2239","M"
"2240","G1/G0"
"2241","S"
"2242","G1/G0"
"2243","S"
"2244","G2/M"
"2245","G2/M"
"2246","G1/G0"
"2247","G1/G0"
"2248","G1/G0"
"2249","G2/M"
"2250","S"
"2251","G1/G0"
"2252","S"
"2253","M"
"2254","S"
"2255","G2/M"
"2256","S"
"2257","S"
"2258","G2/M"
"2259","G1/G0"
"2260","G2/M"
"2261","S"
"2262","S"
"2263","S"
"2264","G2/M"
"2265","G1/G0"
"2266","G1/G0"
"2267","G2/M"
"2268","G2/M"
"2269","G2/M"
"2270","M"
"2271","G1/G0"
"2272","G2/M"
"2273","S"
"2274","G2/M"
"2275","S"
"2276","G1/G0"
"2277","S"
"2278","G1/G0"
"2279","G2/M"
"2280","S"
"2281","G1/G0"
"2282","S"
"2283","G1/G0"
"2284","S"
"2285","S"
"2286","G1/G0"
"2287","G1/G0"
"2288","G2/M"
"2289","S"
"2290","S"
"2291","G1/G0"
"2292","G2/M"
"2293","S"
"2294","S"
"2295","G1/G0"
"2296","G2/M"
"2297","G2/M"
"2298","G2/M"
"2299","S"
"2300","G1/G0"
"2301","S"
"2302","G1/G0"
"2303","G2/M"
"2304","G2/M"
"2305","S"
"2306","S"
"2307","S"
"2308","G1/G0"
"2309","M"
"2310","G1/G0"
"2311","S"
"2312","M"
"2313","G2/M"
"2314","M"
"2315","S"
"2316","G1/G0"
"2317","G1/G0"
"2318","G1/G0"
"2319","M"
"2320","G2/M"
"2321","G2/M"
"2322","G1/G0"
"2323","G1/G0"
"2324","G1/G0"
"2325","G2/M"
"2326","M"
"2327","S"
"2328","M"
"2329","G2/M"
"2330","G2/M"
"2331","G1/G0"
"2332","G2/M"
"2333","S"
"2334","M"
"2335","G1/G0"
"2336","G1/G0"
"2337","M"
"2338","G1/G0"
"2339","M"
"2340","M"
"2341","G1/G0"
"2342","G1/G0"
"2343","S"
"2344","S"
"2345","G1/G0"
"2346","G2/M"
"2347","G1/G0"
"2348","G1/G0"
"2349","G2/M"
"2350","G2/M"
"2351","S"
"2352","G2/M"
"2353","G2/M"
"2354","S"
"2355","G1/G0"
"2356","G1/G0"
"2357","G1/G0"
"2358","S"
"2359","G2/M"
"2360","G1/G0"
"2361","S"
"2362","G1/G0"
"2363","S"
"2364","G2/M"
"2365","M"
"2366","S"
"2367","S"
"2368","G2/M"
"2369","G1/G0"
"2370","G2/M"
"2371","G2/M"
"2372","G1/G0"
"2373","S"
"2374","S"
"2375","S"
"2376","G1/G0"
"2377","S"
"2378","G1/G0"
"2379","G1/G0"
"2380","G1/G0"
"2381","M"
"2382","S"
"2383","S"
"2384","G1/G0"
"2385","G1/G0"
"2386","S"
"2387","G1/G0"
"2388","G1/G0"
"2389","G1/G0"
"2390","G1/G0"
"2391","S"
"2392","G2/M"
"2393","G2/M"
"2394","G1/G0"
"2395","G2/M"
"2396","G2/M"
"2397","G2/M"
"2398","S"
"2399","G2/M"
"2400","S"
"2401","G1/G0"
"2402","S"
"2403","G1/G0"
"2404","G1/G0"
"2405","G2/M"
"2406","S"
"2407","G2/M"
"2408","G1/G0"
"2409","G1/G0"
"2410","G1/G0"
"2411","G1/G0"
"2412","M"
"2413","S"
"2414","G1/G0"
"2415","G1/G0"
"2416","G1/G0"
"2417","G2/M"
"2418","S"
"2419","G2/M"
"2420","G2/M"
"2421","G2/M"
"2422","G1/G0"
"2423","G1/G0"
"2424","G2/M"
"2425","G2/M"
"2426","M"
"2427","G2/M"
"2428","S"
"2429","G1/G0"
"2430","S"
"2431","M"
"2432","G2/M"
"2433","G1/G0"
"2434","S"
"2435","S"
"2436","S"
"2437","S"
"2438","G2/M"
"2439","G2/M"
"2440","G2/M"
"2441","M"
"2442","S"
"2443","S"
"2444","G2/M"
"2445","G1/G0"
"2446","G1/G0"
"2447","G1/G0"
"2448","S"
"2449","G2/M"
"2450","S"
"2451","G1/G0"
"2452","G1/G0"
"2453","S"
"2454","G1/G0"
"2455","G2/M"
"2456","S"
"2457","G1/G0"
"2458","G1/G0"
"2459","G1/G0"
"2460","S"
"2461","S"
"2462","G1/G0"
"2463","S"
"2464","G2/M"
"2465","G1/G0"
"2466","S"
"2467","G2/M"
"2468","G2/M"
"2469","G1/G0"
"2470","S"
"2471","G1/G0"
"2472","S"
"2473","S"
"2474","S"
"2475","S"
"2476","G2/M"
"2477","G1/G0"
"2478","G2/M"
"2479","G1/G0"
"2480","G1/G0"
"2481","G1/G0"
"2482","S"
"2483","G1/G0"
"2484","G2/M"
"2485","S"
"2486","G1/G0"
"2487","M"
"2488","G1/G0"
"2489","G2/M"
"2490","G1/G0"
"2491","S"
"2492","S"
"2493","G2/M"
"2494","M"
"2495","S"
"2496","G2/M"
"2497","S"
"2498","M"
"2499","G2/M"
"2500","G1/G0"
"2501","G1/G0"
"2502","G1/G0"
"2503","G2/M"
"2504","G1/G0"
"2505","M"
"2506","G1/G0"
"2507","S"
"2508","S"
"2509","G1/G0"
"2510","G1/G0"
"2511","S"
"2512","G2/M"
"2513","G2/M"
"2514","G1/G0"
"2515","S"
"2516","G2/M"
"2517","G1/G0"
"2518","G1/G0"
"2519","G2/M"
"2520","G1/G0"
"2521","S"
"2522","G1/G0"
"2523","S"
"2524","G1/G0"
"2525","G2/M"
"2526","G1/G0"
"2527","G1/G0"
"2528","G1/G0"
"2529","S"
"2530","S"
"2531","S"
"2532","G2/M"
"2533","G2/M"
"2534","G1/G0"
"2535","S"
"2536","S"
"2537","G1/G0"
"2538","G2/M"
"2539","G2/M"
"2540","G2/M"
"2541","S"
"2542","G1/G0"
"2543","G1/G0"
"2544","S"
"2545","S"
"2546","G2/M"
"2547","G1/G0"
"2548","G1/G0"
"2549","S"
"2550","G2/M"
"2551","M"
"2552","G2/M"
"2553","G1/G0"
"2554","S"
"2555","S"
"2556","M"
"2557","G1/G0"
"2558","G1/G0"
"2559","G2/M"
"2560","G2/M"
"2561","S"
"2562","S"
"2563","S"
"2564","M"
"2565","G1/G0"
"2566","S"
"2567","G1/G0"
"2568","G2/M"
"2569","G1/G0"
"2570","G1/G0"
"2571","G2/M"
"2572","G2/M"
"2573","G1/G0"
"2574","S"
"2575","G1/G0"
"2576","G1/G0"
"2577","G1/G0"
"2578","S"
"2579","S"
"2580","G1/G0"
"2581","G1/G0"
"2582","G2/M"
"2583","G2/M"
"2584","G2/M"
"2585","G2/M"
"2586","G1/G0"
"2587","S"
"2588","S"
"2589","S"
"2590","S"
"2591","G2/M"
"2592","G1/G0"
"2593","G2/M"
"2594","S"
"2595","G2/M"
"2596","G1/G0"
"2597","S"
"2598","S"
"2599","G1/G0"
"2600","G1/G0"
"2601","G2/M"
"2602","S"
"2603","S"
"2604","G1/G0"
"2605","S"
"2606","G1/G0"
"2607","G1/G0"
"2608","G1/G0"
"2609","S"
"2610","G1/G0"
"2611","G2/M"
"2612","G1/G0"
"2613","M"
"2614","G2/M"
"2615","M"
"2616","G2/M"
"2617","G1/G0"
"2618","S"
"2619","M"
"2620","G1/G0"
"2621","G1/G0"
"2622","S"
"2623","S"
"2624","G1/G0"
"2625","G1/G0"
"2626","G1/G0"
"2627","S"
"2628","G1/G0"
"2629","G1/G0"
"2630","M"
"2631","G1/G0"
"2632","M"
"2633","G1/G0"
"2634","G1/G0"
"2635","G1/G0"
"2636","S"
"2637","G1/G0"
"2638","G1/G0"
"2639","G1/G0"
"2640","G2/M"
"2641","G1/G0"
"2642","G2/M"
"2643","G2/M"
"2644","G1/G0"
"2645","G1/G0"
"2646","M"
"2647","G2/M"
"2648","S"
"2649","G2/M"
"2650","G1/G0"
"2651","G1/G0"
"2652","G2/M"
"2653","G1/G0"
"2654","G2/M"
"2655","G1/G0"
"2656","G2/M"
"2657","G2/M"
"2658","S"
"2659","G1/G0"
"2660","S"
"2661","S"
"2662","G1/G0"
"2663","G2/M"
"2664","G2/M"
"2665","G1/G0"
"2666","M"
"2667","M"
"2668","G1/G0"
"2669","S"
"2670","G2/M"
"2671","G2/M"
"2672","G1/G0"
"2673","G1/G0"
"2674","G2/M"
"2675","G1/G0"
"2676","G1/G0"
"2677","G2/M"
"2678","G1/G0"
"2679","S"
"2680","S"
"2681","G1/G0"
"2682","M"
"2683","G2/M"
"2684","S"
"2685","G1/G0"
"2686","G1/G0"
"2687","G2/M"
"2688","S"
"2689","S"
"2690","G1/G0"
"2691","S"
"2692","G1/G0"
"2693","M"
"2694","G1/G0"
"2695","S"
"2696","S"
"2697","G1/G0"
"2698","G1/G0"
"2699","G2/M"
"2700","G1/G0"
"2701","G1/G0"
"2702","S"
"2703","G1/G0"
"2704","S"
"2705","G2/M"
"2706","S"
"2707","G2/M"
"2708","S"
"2709","G1/G0"
"2710","G1/G0"
"2711","S"
"2712","G2/M"
"2713","G1/G0"
"2714","G2/M"
"2715","G1/G0"
"2716","G2/M"
"2717","G2/M"
"2718","G2/M"
"2719","G1/G0"
"2720","G1/G0"
"2721","G1/G0"
"2722","S"
"2723","G1/G0"
"2724","M"
"2725","G1/G0"
"2726","S"
"2727","G2/M"
"2728","G1/G0"
"2729","G1/G0"
"2730","G1/G0"
"2731","G1/G0"
"2732","M"
"2733","M"
"2734","G2/M"
"2735","G1/G0"
"2736","G2/M"
"2737","G2/M"
"2738","S"
"2739","G1/G0"
"2740","G2/M"
"2741","S"
"2742","G2/M"
"2743","G2/M"
"2744","G1/G0"
"2745","G2/M"
"2746","S"
"2747","S"
"2748","G2/M"
"2749","G2/M"
"2750","S"
"2751","G1/G0"
"2752","G1/G0"
"2753","M"
"2754","G1/G0"
"2755","S"
"2756","G1/G0"
"2757","G1/G0"
"2758","G1/G0"
"2759","S"
"2760","G1/G0"
"2761","G1/G0"
"2762","G2/M"
"2763","G1/G0"
"2764","G2/M"
"2765","G2/M"
"2766","G2/M"
"2767","S"
"2768","G1/G0"
"2769","G1/G0"
"2770","G1/G0"
"2771","G2/M"
"2772","S"
"2773","G1/G0"
"2774","S"
"2775","G1/G0"
"2776","M"
"2777","S"
"2778","G1/G0"
"2779","M"
"2780","S"
"2781","G2/M"
"2782","S"
"2783","G2/M"
"2784","S"
"2785","M"
"2786","G2/M"
"2787","G1/G0"
"2788","G2/M"
"2789","S"
"2790","G1/G0"
"2791","S"
"2792","G1/G0"
"2793","S"
"2794","G2/M"
"2795","S"
"2796","M"
"2797","G1/G0"
"2798","G2/M"
"2799","G1/G0"
"2800","G2/M"
"2801","S"
"2802","G2/M"
"2803","G2/M"
"2804","G1/G0"
"2805","M"
"2806","G2/M"
"2807","G2/M"
"2808","G2/M"
"2809","S"
"2810","G2/M"
"2811","G1/G0"
"2812","G2/M"
"2813","M"
"2814","S"
"2815","S"
"2816","M"
"2817","S"
"2818","G1/G0"
"2819","S"
"2820","M"
"2821","S"
"2822","G1/G0"
"2823","M"
"2824","S"
"2825","S"
"2826","G1/G0"
"2827","G1/G0"
"2828","M"
"2829","M"
"2830","G1/G0"
"2831","G1/G0"
"2832","G1/G0"
"2833","G1/G0"
"2834","S"
"2835","S"
"2836","S"
"2837","M"
"2838","G2/M"
"2839","S"
"2840","G1/G0"
"2841","G1/G0"
"2842","S"
"2843","G1/G0"
"2844","G1/G0"
"2845","G2/M"
"2846","S"
"2847","S"
"2848","G1/G0"
"2849","G2/M"
"2850","G1/G0"
"2851","G2/M"
"2852","G2/M"
"2853","S"
"2854","G1/G0"
"2855","G1/G0"
"2856","G1/G0"
"2857","G1/G0"
"2858","G1/G0"
"2859","S"
"2860","G2/M"
"2861","G1/G0"
"2862","M"
"2863","G2/M"
"2864","G2/M"
"2865","G1/G0"
"2866","G2/M"
"2867","M"
"2868","G2/M"
"2869","G2/M"
"2870","S"
"2871","G1/G0"
"2872","G1/G0"
"2873","M"
"2874","S"
"2875","G1/G0"
"2876","G1/G0"
"2877","G1/G0"
"2878","G1/G0"
"2879","S"
"2880","G2/M"
"2881","S"
"2882","G1/G0"
"2883","G1/G0"
"2884","G2/M"
"2885","G1/G0"
"2886","G1/G0"
"2887","S"
"2888","G1/G0"
"2889","S"
"2890","G1/G0"
"2891","G1/G0"
"2892","S"
"2893","G1/G0"
"2894","S"
"2895","G1/G0"
"2896","S"
"2897","M"
"2898","G2/M"
"2899","G1/G0"
"2900","S"
"2901","G1/G0"
"2902","G1/G0"
"2903","S"
"2904","G1/G0"
"2905","S"
"2906","S"
"2907","G1/G0"
"2908","S"
"2909","S"
"2910","G1/G0"
"2911","M"
"2912","G1/G0"
"2913","S"
"2914","G2/M"
"2915","S"
"2916","S"
"2917","G1/G0"
"2918","G1/G0"
"2919","S"
"2920","S"
"2921","G1/G0"
"2922","S"
"2923","G1/G0"
"2924","S"
"2925","S"
"2926","G1/G0"
"2927","S"
"2928","S"
"2929","G1/G0"
"2930","S"
"2931","G1/G0"
"2932","G1/G0"
"2933","M"
"2934","S"
"2935","G1/G0"
"2936","G2/M"
"2937","G2/M"
"2938","G1/G0"
"2939","G1/G0"
"2940","S"
"2941","S"
"2942","G1/G0"
"2943","G1/G0"
"2944","G2/M"
"2945","G1/G0"
"2946","S"
"2947","S"
"2948","G2/M"
"2949","G1/G0"
"2950","G2/M"
"2951","M"
"2952","M"
"2953","G2/M"
"2954","G2/M"
"2955","G1/G0"
"2956","S"
"2957","S"
"2958","G1/G0"
"2959","G2/M"
"2960","G1/G0"
"2961","G2/M"
"2962","G1/G0"
"2963","G1/G0"
"2964","G1/G0"
"2965","G1/G0"
"2966","S"
"2967","S"
"2968","S"
"2969","S"
"2970","G2/M"
"2971","G1/G0"
"2972","M"
"2973","G2/M"
"2974","G2/M"
"2975","G1/G0"
"2976","G1/G0"
"2977","S"
"2978","G1/G0"
"2979","G2/M"
"2980","S"
"2981","G2/M"
"2982","G2/M"
"2983","G2/M"
"2984","S"
"2985","G1/G0"
"2986","S"
"2987","M"
"2988","G1/G0"
"2989","G1/G0"
"2990","S"
"2991","S"
"2992","G2/M"
"2993","G1/G0"
"2994","G1/G0"
"2995","G1/G0"
"2996","S"
"2997","S"
"2998","M"
"2999","M"
"3000","G2/M"
"3001","G2/M"
"3002","S"
"3003","S"
"3004","M"
"3005","G1/G0"
"3006","M"
"3007","M"
"3008","S"
"3009","G1/G0"
"3010","G2/M"
"3011","G1/G0"
"3012","G1/G0"
"3013","S"
"3014","G2/M"
"3015","G1/G0"
"3016","M"
"3017","G2/M"
"3018","S"
"3019","S"
"3020","M"
"3021","G1/G0"
"3022","S"
"3023","M"
"3024","G1/G0"
"3025","S"
"3026","S"
"3027","G1/G0"
"3028","S"
"3029","G1/G0"
"3030","G1/G0"
"3031","S"
"3032","G2/M"
"3033","S"
"3034","G1/G0"
"3035","S"
"3036","G1/G0"
"3037","G1/G0"
"3038","G1/G0"
"3039","G1/G0"
"3040","S"
"3041","M"
"3042","S"
"3043","G1/G0"
"3044","G1/G0"
"3045","S"
"3046","S"
"3047","G2/M"
"3048","M"
"3049","G1/G0"
"3050","G2/M"
"3051","G1/G0"
"3052","G2/M"
"3053","S"
"3054","S"
"3055","G1/G0"
"3056","S"
"3057","M"
"3058","S"
"3059","G2/M"
"3060","G1/G0"
"3061","G1/G0"
"3062","G1/G0"
"3063","G1/G0"
"3064","G2/M"
"3065","S"
"3066","G1/G0"
"3067","G1/G0"
"3068","G1/G0"
"3069","G1/G0"
"3070","G1/G0"
"3071","G2/M"
"3072","G1/G0"
"3073","S"
"3074","G1/G0"
"3075","S"
"3076","G1/G0"
"3077","G2/M"
"3078","G1/G0"
"3079","G1/G0"
"3080","S"
"3081","G2/M"
"3082","G1/G0"
"3083","G1/G0"
"3084","S"
"3085","G1/G0"
"3086","G1/G0"
"3087","S"
"3088","G1/G0"
"3089","G1/G0"
"3090","G1/G0"
"3091","G1/G0"
"3092","G2/M"
"3093","S"
"3094","G1/G0"
"3095","G1/G0"
"3096","S"
"3097","M"
"3098","S"
"3099","G1/G0"
"3100","G2/M"
"3101","G2/M"
"3102","G2/M"
"3103","G1/G0"
"3104","M"
"3105","S"
"3106","G1/G0"
"3107","G1/G0"
"3108","G1/G0"
"3109","S"
"3110","G2/M"
"3111","G1/G0"
"3112","G2/M"
"3113","S"
"3114","G1/G0"
"3115","G1/G0"
"3116","G2/M"
"3117","G2/M"
"3118","S"
"3119","M"
"3120","G2/M"
"3121","S"
"3122","G2/M"
"3123","S"
"3124","S"
"3125","G2/M"
"3126","S"
"3127","G2/M"
"3128","G2/M"
"3129","G1/G0"
"3130","G1/G0"
"3131","S"
"3132","G1/G0"
"3133","G2/M"
"3134","G1/G0"
"3135","G1/G0"
"3136","G1/G0"
"3137","S"
"3138","S"
"3139","S"
"3140","G1/G0"
"3141","G1/G0"
"3142","G2/M"
"3143","G2/M"
"3144","G2/M"
"3145","G1/G0"
"3146","G2/M"
"3147","G1/G0"
"3148","G1/G0"
"3149","G1/G0"
"3150","G1/G0"
"3151","G1/G0"
"3152","G1/G0"
"3153","M"
"3154","G2/M"
"3155","M"
"3156","G2/M"
"3157","G1/G0"
"3158","G1/G0"
"3159","S"
"3160","M"
"3161","G1/G0"
"3162","S"
"3163","M"
"3164","G1/G0"
"3165","S"
"3166","G2/M"
"3167","G2/M"
"3168","G1/G0"
"3169","S"
"3170","G1/G0"
"3171","S"
"3172","G2/M"
"3173","M"
"3174","G2/M"
"3175","G1/G0"
"3176","G1/G0"
"3177","G1/G0"
"3178","G1/G0"
"3179","S"
"3180","G2/M"
"3181","G2/M"
"3182","G1/G0"
"3183","S"
"3184","G2/M"
"3185","G2/M"
"3186","G1/G0"
"3187","G1/G0"
"3188","G1/G0"
"3189","S"
"3190","S"
"3191","G2/M"
"3192","G2/M"
"3193","S"
"3194","M"
"3195","G1/G0"
"3196","G1/G0"
"3197","G2/M"
"3198","G1/G0"
"3199","G2/M"
"3200","S"
"3201","G2/M"
"3202","G1/G0"
"3203","G2/M"
"3204","G1/G0"
"3205","S"
"3206","M"
"3207","S"
"3208","M"
"3209","S"
"3210","S"
"3211","G2/M"
"3212","S"
"3213","S"
"3214","G1/G0"
"3215","S"
"3216","S"
"3217","G1/G0"
"3218","S"
"3219","G2/M"
"3220","G1/G0"
"3221","G1/G0"
"3222","S"
"3223","G2/M"
"3224","G1/G0"
"3225","M"
"3226","G1/G0"
"3227","G1/G0"
"3228","G1/G0"
"3229","G2/M"
"3230","S"
"3231","G1/G0"
"3232","G1/G0"
"3233","G1/G0"
"3234","G2/M"
"3235","G1/G0"
"3236","G1/G0"
"3237","G1/G0"
"3238","G1/G0"
"3239","M"
"3240","S"
"3241","S"
"3242","G2/M"
"3243","M"
"3244","S"
"3245","S"
"3246","G1/G0"
"3247","S"
"3248","S"
"3249","S"
"3250","M"
"3251","G1/G0"
"3252","G2/M"
"3253","G1/G0"
"3254","G1/G0"
"3255","G1/G0"
"3256","S"
"3257","S"
"3258","G2/M"
"3259","S"
"3260","G1/G0"
"3261","G2/M"
"3262","G1/G0"
"3263","G1/G0"
"3264","G1/G0"
"3265","G1/G0"
"3266","M"
"3267","G2/M"
"3268","G1/G0"
"3269","M"
"3270","G2/M"
"3271","S"
"3272","G1/G0"
"3273","G2/M"
"3274","S"
"3275","S"
"3276","S"
"3277","G1/G0"
"3278","G2/M"
"3279","G2/M"
"3280","G2/M"
"3281","G1/G0"
"3282","G1/G0"
"3283","S"
"3284","M"
"3285","G1/G0"
"3286","S"
"3287","G1/G0"
"3288","M"
"3289","G2/M"
"3290","S"
"3291","G1/G0"
"3292","G1/G0"
"3293","S"
"3294","G2/M"
"3295","G2/M"
"3296","S"
"3297","S"
"3298","G2/M"
"3299","G1/G0"
"3300","G1/G0"
"3301","G1/G0"
"3302","G1/G0"
"3303","G2/M"
"3304","G1/G0"
"3305","G1/G0"
"3306","S"
"3307","G1/G0"
"3308","G1/G0"
"3309","S"
"3310","M"
"3311","S"
"3312","S"
"3313","G1/G0"
"3314","G1/G0"
"3315","G1/G0"
"3316","G1/G0"
"3317","G1/G0"
"3318","S"
"3319","S"
"3320","G2/M"
"3321","G1/G0"
"3322","S"
"3323","S"
"3324","G2/M"
"3325","S"
"3326","G1/G0"
"3327","G2/M"
"3328","G1/G0"
"3329","S"
"3330","G2/M"
"3331","S"
"3332","G1/G0"
"3333","G2/M"
"3334","G2/M"
"3335","G1/G0"
"3336","G2/M"
"3337","G2/M"
"3338","G2/M"
"3339","G1/G0"
"3340","G2/M"
"3341","G1/G0"
"3342","G1/G0"
"3343","G1/G0"
"3344","G2/M"
"3345","G2/M"
"3346","S"
"3347","G1/G0"
"3348","S"
"3349","S"
"3350","G2/M"
"3351","G1/G0"
"3352","G1/G0"
"3353","G2/M"
"3354","G2/M"
"3355","S"
"3356","G2/M"
"3357","G2/M"
"3358","G2/M"
"3359","S"
"3360","G2/M"
"3361","G2/M"
"3362","M"
"3363","G1/G0"
"3364","G1/G0"
"3365","G1/G0"
"3366","G2/M"
"3367","G1/G0"
"3368","S"
"3369","G1/G0"
"3370","S"
"3371","G1/G0"
"3372","M"
"3373","G1/G0"
"3374","S"
"3375","G1/G0"
"3376","S"
"3377","G2/M"
"3378","G1/G0"
"3379","M"
"3380","G1/G0"
"3381","S"
"3382","G1/G0"
"3383","G1/G0"
"3384","G1/G0"
"3385","S"
"3386","G1/G0"
"3387","G2/M"
"3388","G2/M"
"3389","G1/G0"
"3390","G1/G0"
"3391","S"
"3392","G2/M"
"3393","G1/G0"
"3394","G1/G0"
"3395","S"
"3396","G1/G0"
"3397","G2/M"
"3398","S"
"3399","S"
"3400","M"
"3401","S"
"3402","G1/G0"
"3403","G2/M"
"3404","G1/G0"
"3405","S"
"3406","M"
"3407","G2/M"
"3408","S"
"3409","S"
