"","results.phases"
"AAACATACTAACCG-1","G1"
"AAACATTGAGTTCG-1","G1"
"AAACATTGCACTGA-1","G2M"
"AAACATTGCTCAGA-1","G1"
"AAACATTGGTTTCT-1","G1"
"AAACCGTGTAACGC-1","G2M"
"AAACGCACCTTCTA-1","G1"
"AAACGCTGGTATGC-1","G1"
"AAACGCTGTGCTGA-1","G1"
"AAACGGCTGTCTAG-1","G1"
"AAACTTGAGGACTT-1","G1"
"AAACTTGAGTGCTA-1","G1"
"AAAGACGAAGCCTA-1","G1"
"AAAGACGAAGTACC-1","G1"
"AAAGACGACAGATC-1","G1"
"AAAGAGACTGCCTC-1","G1"
"AAAGCAGACCTTCG-1","G1"
"AAAGCAGACGTTGA-1","G2M"
"AAAGCCTGCTCCCA-1","G2M"
"AAAGCCTGGCGTTA-1","G1"
"AAAGCCTGTATCGG-1","G1"
"AAAGGCCTAAGAAC-1","G1"
"AAAGGCCTACGTTG-1","G1"
"AAAGGCCTCCCTTG-1","G1"
"AAAGGCCTGTTACG-1","G1"
"AAAGTTTGATCACG-1","G1"
"AAAGTTTGCTTGAG-1","G1"
"AAATACTGCTGTTT-1","G1"
"AAATACTGGGGATG-1","G1"
"AAATCAACCTGTAG-1","G1"
"AAATCAACTGCCAA-1","G2M"
"AAATCATGGGTGGA-1","G1"
"AAATCCCTGAGAGC-1","G2M"
"AAATCTGACTGCTC-1","G1"
"AAATCTGATGAACC-1","G1"
"AAATGGGATGCAAC-1","G1"
"AAATGGGATGCTCC-1","G1"
"AAATGTTGGAGGGT-1","G1"
"AAATGTTGGTCACA-1","G1"
"AAATTCGACATGGT-1","G1"
"AAATTGACATGTGC-1","G1"
"AAATTGACGTGTCA-1","G1"
"AACAAACTGTTGAC-1","G1"
"AACACGTGCCATAG-1","G1"
"AACACGTGCTCAAG-1","G1"
"AACACTCTACCCTC-1","G1"
"AACAGCACAGGGTG-1","G2M"
"AACAGCACCGTACA-1","G1"
"AACAGCACCTTCGC-1","G1"
"AACAGCACGCGTTA-1","G1"
"AACAGCACGCTATG-1","G1"
"AACATATGCTGCAA-1","G1"
"AACATATGGTAGCT-1","G1"
"AACATATGTTTGCT-1","G1"
"AACATTGAACGTTG-1","G1"
"AACATTGAAGAGAT-1","G1"
"AACATTGAAGTACC-1","G1"
"AACATTGAATGGTC-1","G1"
"AACATTGACATTCT-1","G1"
"AACATTGACTCATT-1","G1"
"AACATTGATTTGGG-1","G1"
"AACCACGAGGAGTG-1","G1"
"AACCACGAGTTCTT-1","G1"
"AACCACGATGGAAA-1","G1"
"AACCAGTGCACTGA-1","G1"
"AACCAGTGCGGTAT-1","S"
"AACCCAGAACAGCT-1","G2M"
"AACCCAGACGTAAC-1","G1"
"AACCCAGAGTCAAC-1","G1"
"AACCCAGATTCTAC-1","G1"
"AACCGATGTCTCCG-1","G1"
"AACCGCCTAAACGA-1","S"
"AACCGCCTTTCTAC-1","S"
"AACCTTACAAACAG-1","G1"
"AACCTTACTGCATG-1","G1"
"AACCTTTGCACCAA-1","G1"
"AACGCAACCTATTC-1","G2M"
"AACGCAACGGTTCA-1","G1"
"AACGCAACTGCCAA-1","G1"
"AACGCAACTGGCAT-1","G1"
"AACGCATGGCGATT-1","G2M"
"AACGCATGTATGCG-1","G1"
"AACGCATGTCATTC-1","G1"
"AACGCCCTAGGGTG-1","G1"
"AACGGTTGAGTCAC-1","G1"
"AACGTCGAAAGATG-1","G1"
"AACGTCGAAAGGCG-1","G1"
"AACGTCGATCGTAG-1","G2M"
"AACGTTCTACCTAG-1","G1"
"AACGTTCTAGCACT-1","G1"
"AACTACCTCTCCCA-1","G1"
"AACTACCTGACGGA-1","G1"
"AACTCGGAGACGGA-1","G1"
"AACTCGGATGACTG-1","G2M"
"AACTCTTGATGCCA-1","G1"
"AACTCTTGGGACGA-1","G2M"
"AACTCTTGTGGTAC-1","G1"
"AACTGTCTTAACGC-1","G1"
"AACTTGCTTGAGCT-1","G1"
"AAGAACGAAGAATG-1","G2M"
"AAGAACGACACTTT-1","G1"
"AAGAACGACGGAGA-1","G1"
"AAGAATCTCAGGAG-1","G1"
"AAGAATCTGTAAAG-1","G1"
"AAGACAGACACTAG-1","G1"
"AAGACAGACTGTAG-1","G1"
"AAGACAGAGTTAGC-1","G1"
"AAGACAGATCTCCG-1","G1"
"AAGAGATGGTGCTA-1","G1"
"AAGATGGATGCCTC-1","S"
"AAGCAAGAGTCCTC-1","G1"
"AAGCAAGATGACTG-1","G1"
"AAGCACTGCCCTCA-1","G1"
"AAGCCAACTTCCAT-1","G2M"
"AAGCCATGCAGGAG-1","G1"
"AAGCCATGTATTCC-1","G1"
"AAGCCTGATCTGGA-1","G1"
"AAGCGACTAAACGA-1","G2M"
"AAGCGACTGGTTCA-1","G1"
"AAGCGTACAGCCTA-1","G2M"
"AAGCGTACTCCGTC-1","G1"
"AAGGCTACAGAATG-1","G1"
"AAGGCTACTGCCAA-1","G2M"
"AAGGCTTGGAAACA-1","G1"
"AAGGTCACGAATCC-1","G1"
"AAGGTCACTGAAGA-1","G1"
"AAGGTCACTGGTGT-1","G2M"
"AAGGTCTGCTAAGC-1","G1"
"AAGGTGCTAGCATC-1","G1"
"AAGGTGCTTCACGA-1","G1"
"AAGGTGCTTGATGC-1","G1"
"AAGTAACTAACCAC-1","G1"
"AAGTAACTTCATTC-1","G1"
"AAGTAGGAACTGTG-1","G1"
"AAGTAGGACTGATG-1","G1"
"AAGTAGGATAGAGA-1","G1"
"AAGTAGGATCCCGT-1","G1"
"AAGTAGGATTGGTG-1","G1"
"AAGTATACAGACTC-1","G1"
"AAGTATACATCGTG-1","G1"
"AAGTATACCTGACA-1","G1"
"AAGTATACTTGCAG-1","G1"
"AAGTCCGATAACCG-1","G1"
"AAGTCTCTTCAGAC-1","G1"
"AAGTCTCTTGAACC-1","G1"
"AAGTGCACCGTAGT-1","G1"
"AAGTGCACGACACT-1","G1"
"AAGTGGCTCTGCTC-1","G2M"
"AAGTGGCTGTTACG-1","G1"
"AAGTTATGACCTAG-1","G2M"
"AAGTTATGCATCAG-1","G1"
"AAGTTATGCGGGAA-1","G1"
"AATAACACTACTGG-1","G1"
"AATAACACTCGCCT-1","G2M"
"AATAAGCTAGGCGA-1","G1"
"AATAAGCTCGCCTT-1","G2M"
"AATAAGCTCGTAAC-1","S"
"AATAAGCTTAGTCG-1","G1"
"AATACCCTAACCTG-1","G1"
"AATACCCTACTAGC-1","G1"
"AATACCCTCTCGCT-1","S"
"AATACTGATGAGCT-1","G1"
"AATAGGGAGCGAAG-1","G1"
"AATATCGAGACACT-1","G1"
"AATCAAACCAGAAA-1","G1"
"AATCAAACCCCACT-1","G2M"
"AATCAAACGCTAAC-1","G1"
"AATCAAACTGAACC-1","G1"
"AATCCTTGCCTTTA-1","G1"
"AATCCTTGGCGTTA-1","G1"
"AATCCTTGTATTCC-1","G1"
"AATCGGTGAACCTG-1","G1"
"AATCGGTGTATCGG-1","G1"
"AATCGGTGTGCTGA-1","G1"
"AATCTCACTTACCT-1","G1"
"AATCTCTGACCAGT-1","G1"
"AATGAGGAACTACG-1","G1"
"AATGATACTGATGC-1","G1"
"AATGCGTGAAACAG-1","G1"
"AATGCGTGATCGTG-1","G1"
"AATGCGTGCTCGCT-1","G1"
"AATGGAGACAAAGA-1","G1"
"AATGGAGAGTTCGA-1","G1"
"AATGGAGATATGCG-1","G2M"
"AATGGCTGCTAGAC-1","G1"
"AATGGCTGTATTCC-1","G1"
"AATGGCTGTGTCGA-1","G1"
"AATGTAACGAGATA-1","G1"
"AATGTCCTACGTAC-1","G1"
"AATGTCCTAGTCAC-1","G1"
"AATGTCCTCCTTTA-1","G1"
"AATGTTGATGACCA-1","G2M"
"AATTACGAATGCCA-1","G1"
"AATTACGACCAGTA-1","G1"
"AATTACGATAAAGG-1","G1"
"AATTACGATATCGG-1","G1"
"AATTCCTGGTCGTA-1","G2M"
"AATTGTGAAAGTAG-1","G1"
"AATTGTGACTCTAT-1","G1"
"AATTGTGAGGTATC-1","G2M"
"ACAAAGGATGAGGG-1","G1"
"ACAACCGACCCTCA-1","G1"
"ACAACCGACGACTA-1","G1"
"ACAACCGATAGTCG-1","G1"
"ACAAGCACGACGTT-1","G2M"
"ACAATCCTCACAAC-1","G1"
"ACAATCCTGGGATG-1","G2M"
"ACAATTGAGGTCTA-1","G1"
"ACAATTGAGTTGAC-1","G1"
"ACACAGACTCTACT-1","G1"
"ACACCAGAACCAAC-1","G1"
"ACACCAGACTTGAG-1","G2M"
"ACACCAGAGTATGC-1","G1"
"ACACCAGATGATGC-1","G2M"
"ACACCCTGAGGCGA-1","G2M"
"ACACCCTGTCGACA-1","G1"
"ACACGAACCACTTT-1","G1"
"ACACGAACCCTATT-1","G2M"
"ACACGATGGGACTT-1","G1"
"ACAGACACTCATTC-1","G1"
"ACAGCAACAGGGTG-1","G1"
"ACAGCAACGAAGGC-1","G1"
"ACAGCAACTCGCCT-1","G1"
"ACAGTCGAACGACT-1","G1"
"ACAGTCGAAGGTCT-1","G1"
"ACAGTCGAGTTGAC-1","G1"
"ACAGTGACCCTGTC-1","G1"
"ACAGTGACTGTCAG-1","G1"
"ACAGTGTGCTCATT-1","S"
"ACAGTGTGTACTCT-1","G1"
"ACAGTGTGTGCAAC-1","G1"
"ACAGTTCTCAAGCT-1","G1"
"ACAGTTCTCCGAAT-1","G1"
"ACAGTTCTCCTATT-1","G1"
"ACAGTTCTCTCCCA-1","G1"
"ACAGTTCTGAGGTG-1","G1"
"ACAGTTCTTCACCC-1","G1"
"ACATACCTGGGACA-1","G1"
"ACATCACTACTGGT-1","G1"
"ACATCACTCTGAAC-1","G2M"
"ACATCACTGTCCTC-1","G1"
"ACATGGTGCAACCA-1","G1"
"ACATGGTGTCAGTG-1","G1"
"ACCAACGAAGGAGC-1","S"
"ACCACCTGTTCCGC-1","G1"
"ACCACGCTGGACAG-1","G1"
"ACCAGCCTCTAGAC-1","G1"
"ACCAGCCTTGCGTA-1","G1"
"ACCAGTGAACCAAC-1","G1"
"ACCATTACGGTCTA-1","G1"
"ACCATTTGTCAGAC-1","G1"
"ACCATTTGTGCTTT-1","G2M"
"ACCATTTGTGTCGA-1","G1"
"ACCCAAGACGTTAG-1","G1"
"ACCCAAGATGGTCA-1","G1"
"ACCCACTGGAAACA-1","G1"
"ACCCACTGGTGCTA-1","G1"
"ACCCACTGTAGCCA-1","G1"
"ACCCAGCTAGTCAC-1","S"
"ACCCGTACCCATGA-1","G1"
"ACCCGTACCGTGAT-1","G1"
"ACCCGTACGAAGGC-1","G1"
"ACCCGTTGCATTTC-1","G1"
"ACCCGTTGGGTACT-1","G1"
"ACCCGTTGGTCTAG-1","G1"
"ACCCGTTGTAGCCA-1","G1"
"ACCCGTTGTCTTTG-1","G1"
"ACCCGTTGTTCTGT-1","G1"
"ACCCTCGACCCTTG-1","G1"
"ACCCTCGAGTTAGC-1","G1"
"ACCGAAACAGATCC-1","G1"
"ACCGAAACTGGTTG-1","G2M"
"ACCTATTGCCCGTT-1","G1"
"ACCTATTGGTCTTT-1","G1"
"ACCTCCGACGAGTT-1","S"
"ACCTCCGATCCGAA-1","G1"
"ACCTCGTGAAGGTA-1","G1"
"ACCTCGTGCGTGTA-1","G1"
"ACCTCGTGCTCAGA-1","G1"
"ACCTCGTGTCAGAC-1","G1"
"ACCTCGTGTCCCGT-1","G1"
"ACCTGAGACCTCGT-1","G1"
"ACCTGAGATCGTAG-1","G1"
"ACCTGGCTCCTACC-1","G1"
"ACGAACACCCAGTA-1","G2M"
"ACGAACACCCTCCA-1","G1"
"ACGAACTGAGCGTT-1","G1"
"ACGAACTGGTTTCT-1","G1"
"ACGAAGCTCTTGTT-1","G1"
"ACGAAGCTGGTCTA-1","G1"
"ACGACAACGTTACG-1","G1"
"ACGACCCTACTAGC-1","G1"
"ACGACCCTGGTTTG-1","G1"
"ACGAGGGACCAACA-1","S"
"ACGAGGGACTATGG-1","G1"
"ACGAGGGATACGAC-1","G1"
"ACGAGGGATAGAAG-1","G1"
"ACGAGTACGTAAGA-1","G1"
"ACGATCGATACGAC-1","G1"
"ACGATCGATGCAGT-1","G1"
"ACGATGACAAGCCT-1","G1"
"ACGATGACGAGATA-1","G2M"
"ACGATGACGCTGTA-1","G2M"
"ACGATGACTTCAGG-1","G1"
"ACGATGACTTGGTG-1","G1"
"ACGATTCTCCACAA-1","G1"
"ACGATTCTGTTTCT-1","G1"
"ACGCAATGAGCTCA-1","G1"
"ACGCACCTCCCTTG-1","G2M"
"ACGCACCTGAGCAG-1","G1"
"ACGCACCTGGTTCA-1","G1"
"ACGCCGGACTACGA-1","G2M"
"ACGCCGGATTGTGG-1","G1"
"ACGCCTTGCTTACT-1","G1"
"ACGCGGTGAGCCTA-1","G1"
"ACGCGGTGCCACCT-1","G1"
"ACGCGGTGGACGGA-1","G1"
"ACGCGGTGGGGACA-1","G1"
"ACGCGGTGTTCACT-1","G1"
"ACGCTCACGGTCTA-1","G1"
"ACGCTCACTCGCAA-1","G1"
"ACGGAACTCACCAA-1","G1"
"ACGGAACTTCTGGA-1","G1"
"ACGGAGGAACACTG-1","G1"
"ACGGATTGCAACCA-1","G1"
"ACGGATTGCCTCCA-1","G1"
"ACGGCGTGAGAACA-1","G1"
"ACGGCGTGAGGGTG-1","G1"
"ACGGCGTGGTTGTG-1","G1"
"ACGGCGTGTACAGC-1","G2M"
"ACGGGAGAGAGATA-1","G1"
"ACGGTAACAGAGAT-1","G1"
"ACGGTAACGAGGAC-1","G1"
"ACGGTCCTCCATAG-1","G1"
"ACGGTCCTTACTCT-1","S"
"ACGTAGACGACAAA-1","G1"
"ACGTCAGAAGACTC-1","G1"
"ACGTCAGACCTTCG-1","G1"
"ACGTCAGAGACAGG-1","G1"
"ACGTCCTGATTCCT-1","G1"
"ACGTCCTGCTTGCC-1","G2M"
"ACGTCGCTCACACA-1","G1"
"ACGTCGCTGTACCA-1","G1"
"ACGTGATGACACCA-1","G2M"
"ACGTGATGGATGAA-1","G1"
"ACGTGATGGGAAAT-1","G1"
"ACGTGCCTACGACT-1","G1"
"ACGTGCCTTAAGGA-1","G1"
"ACGTGCCTTCAGAC-1","G1"
"ACGTTACTATTGGC-1","G1"
"ACGTTACTTTCTGT-1","S"
"ACGTTGGAAGGGTG-1","S"
"ACGTTGGAGTCTAG-1","G1"
"ACGTTGGATACTGG-1","G1"
"ACGTTTACAGCCTA-1","G1"
"ACGTTTACATTCGG-1","G1"
"ACGTTTACCACTGA-1","G1"
"ACTACGGACTTAGG-1","G1"
"ACTAGGTGACGGTT-1","G1"
"ACTAGGTGTGGAGG-1","G1"
"ACTCAGGAGGTTCA-1","G1"
"ACTCCCGAGCGAAG-1","G2M"
"ACTCCCGATGTTTC-1","G1"
"ACTCCTCTCCAGTA-1","G1"
"ACTCCTCTCTCATT-1","G1"
"ACTCCTCTTGGTAC-1","G1"
"ACTCGAGATTTGCT-1","G1"
"ACTCGCACTTCTAC-1","G1"
"ACTCGCACTTCTCA-1","G1"
"ACTCTATGCGGGAA-1","G1"
"ACTCTATGCTGAGT-1","G1"
"ACTCTATGGAGGGT-1","G1"
"ACTCTATGTTCACT-1","G1"
"ACTGAGACACCATG-1","G1"
"ACTGAGACCGGGAA-1","G1"
"ACTGAGACTCACCC-1","G1"
"ACTGCCACAGAATG-1","G2M"
"ACTGGCCTGGGTGA-1","G1"
"ACTGTGGAAGAGTA-1","G1"
"ACTGTGGAGCGAGA-1","G1"
"ACTGTTACGAGCAG-1","G1"
"ACTGTTACTAGCGT-1","S"
"ACTTAAGATGACTG-1","G1"
"ACTTAGCTTCTCGC-1","G1"
"ACTTAGCTTGGAAA-1","G1"
"ACTTCAACGGTTAC-1","G2M"
"ACTTCTGACCTCGT-1","G1"
"ACTTGACTCCTTGC-1","G1"
"ACTTGACTGAGAGC-1","G1"
"ACTTGGGATCTCTA-1","S"
"ACTTGGGATGACAC-1","G1"
"ACTTGGGATTCGCC-1","G1"
"ACTTGTACATTCCT-1","S"
"ACTTGTACGCTGAT-1","G1"
"ACTTGTACGGCATT-1","G1"
"ACTTGTACGGTCTA-1","S"
"ACTTGTACGTGTAC-1","G1"
"ACTTTGTGTCACGA-1","G1"
"ACTTTGTGTGTCAG-1","G1"
"AGAAACGAAAGCCT-1","G2M"
"AGAAACGAACCTTT-1","G1"
"AGAAACGACTAAGC-1","G1"
"AGAAAGTGGAAGGC-1","G1"
"AGAAAGTGGCGTAT-1","S"
"AGAACAGAATCACG-1","G1"
"AGAACGCTATCGGT-1","S"
"AGAACGCTCTCCCA-1","G1"
"AGAACGCTGGACGA-1","G1"
"AGAAGATGCTGTTT-1","G2M"
"AGAATACTTGCTAG-1","G1"
"AGAATGGACAGTTG-1","G1"
"AGAATGGACTGTGA-1","G2M"
"AGAATGGATGACTG-1","G1"
"AGACACACAGAATG-1","G1"
"AGACACACGCCAAT-1","G1"
"AGACCTGAACCTTT-1","G1"
"AGACCTGATCACCC-1","G1"
"AGACGTACCTGACA-1","G1"
"AGACGTACGCGAAG-1","G1"
"AGACTCGAGCGTTA-1","G1"
"AGACTCGAGGAACG-1","S"
"AGACTCGATATGGC-1","G1"
"AGACTGACAGGGTG-1","S"
"AGACTGACTCCCGT-1","G1"
"AGACTTCTCGACAT-1","G1"
"AGACTTCTCGCAAT-1","G1"
"AGACTTCTGTCAAC-1","G1"
"AGACTTCTGTTCAG-1","G2M"
"AGAGAAACCTTCTA-1","G1"
"AGAGAATGAAGAAC-1","G1"
"AGAGATGAGACGAG-1","G2M"
"AGAGATGAGAGGGT-1","G1"
"AGAGATGAGCGTTA-1","G1"
"AGAGATGAGGAGGT-1","S"
"AGAGATGATACTCT-1","G1"
"AGAGATGATCTGGA-1","G1"
"AGAGCTACAATGCC-1","G1"
"AGAGGTCTTTTCGT-1","G1"
"AGAGTCACCTCCCA-1","G1"
"AGAGTCACCTTACT-1","G1"
"AGAGTCTGACTCAG-1","G1"
"AGAGTCTGCCGAAT-1","G1"
"AGAGTCTGTCAGAC-1","G1"
"AGAGTCTGTCCTCG-1","S"
"AGAGTGCTAAACAG-1","G1"
"AGAGTGCTTAACCG-1","G2M"
"AGAGTGCTTGACCA-1","G1"
"AGAGTGCTTTGACG-1","G1"
"AGATATTGACGACT-1","G1"
"AGATATTGCACTTT-1","S"
"AGATATTGCATGAC-1","G1"
"AGATATTGGGAAGC-1","G1"
"AGATATTGTGAACC-1","G2M"
"AGATCGTGGAGGTG-1","G1"
"AGATCGTGTGAGAA-1","S"
"AGATCTCTTCTACT-1","G1"
"AGATTAACCTTTAC-1","G1"
"AGATTAACGTCAAC-1","G1"
"AGATTAACTCAGAC-1","G1"
"AGATTCCTAGACTC-1","G1"
"AGCAAAGAACGACT-1","G1"
"AGCAAAGACGCATA-1","G1"
"AGCAACACATCTCT-1","G2M"
"AGCAACACCCTTAT-1","G1"
"AGCAACACGTCGTA-1","G1"
"AGCAACACGTCTTT-1","G1"
"AGCAACACTGCACA-1","G1"
"AGCAACACTGCTAG-1","G1"
"AGCAAGCTAAGTGA-1","G2M"
"AGCAAGCTCGTAAC-1","G1"
"AGCAAGCTTGCAAC-1","G1"
"AGCACAACCGTAGT-1","G1"
"AGCACAACTGGCAT-1","G1"
"AGCACTGAGCTGAT-1","G1"
"AGCACTGAGTCTGA-1","G1"
"AGCACTGATAGTCG-1","G1"
"AGCATCGAAGAGAT-1","G1"
"AGCATCGAGTCATG-1","G2M"
"AGCATCGATGTCCC-1","G1"
"AGCATGACTGACAC-1","G1"
"AGCATTCTACGTGT-1","G1"
"AGCATTCTTGCCTC-1","G1"
"AGCATTCTTTTACC-1","G1"
"AGCCAATGGGTAGG-1","G1"
"AGCCACCTTTGAGC-1","G1"
"AGCCACCTTTTGTC-1","G1"
"AGCCGGACACCCAA-1","G1"
"AGCCGGACGCAAGG-1","G1"
"AGCCGGACTGCTCC-1","G1"
"AGCCGGTGCATTTC-1","G1"
"AGCCGGTGGAGCTT-1","S"
"AGCCGTCTCCTCGT-1","G1"
"AGCCGTCTGAGAGC-1","G1"
"AGCCTCTGCCCAAA-1","G1"
"AGCCTCTGCTCAGA-1","G1"
"AGCCTCTGGAATGA-1","G1"
"AGCCTCTGGGGAGT-1","G1"
"AGCGATACCCTCCA-1","G1"
"AGCGATACTCGCTC-1","G2M"
"AGCGATTGATACCG-1","G2M"
"AGCGATTGCGAACT-1","G1"
"AGCGATTGCTGTCC-1","G1"
"AGCGCCGAATGCCA-1","G1"
"AGCGCCGACCCACT-1","G1"
"AGCGCTCTGCATCA-1","G1"
"AGCGCTCTTCTCCG-1","G1"
"AGCGGCACCGCTAA-1","S"
"AGCGGCTGAAGGGC-1","G1"
"AGCGGCTGACTGGT-1","G1"
"AGCGGCTGTCGTGA-1","G1"
"AGCGGGCTTGGGAG-1","G1"
"AGCGTAACCATGAC-1","G1"
"AGCGTAACTGAGAA-1","G1"
"AGCGTAACTGAGCT-1","G1"
"AGCTCGCTACCTTT-1","G1"
"AGCTCGCTCCTATT-1","G1"
"AGCTGAACAGAGGC-1","G1"
"AGCTGAACCTAAGC-1","G1"
"AGCTGAACGGAAAT-1","G2M"
"AGCTGCCTAAGGGC-1","G1"
"AGCTGCCTCTAAGC-1","G1"
"AGCTGCCTGTTGAC-1","G1"
"AGCTGCCTTCGCCT-1","G1"
"AGCTTTACGCAGAG-1","G1"
"AGCTTTACTCCGTC-1","G2M"
"AGGAAATGCGTAAC-1","G1"
"AGGAAATGGGTTCA-1","G1"
"AGGAAATGTGTCCC-1","G1"
"AGGACTTGGGGAGT-1","G1"
"AGGACTTGGTACCA-1","G1"
"AGGAGTCTCGCTAA-1","G1"
"AGGAGTCTGGTTAC-1","G1"
"AGGATAGACCTAAG-1","G2M"
"AGGATGCTACACTG-1","G1"
"AGGATGCTCGTGAT-1","G1"
"AGGATGCTGCTTCC-1","G1"
"AGGCAACTCACAAC-1","G1"
"AGGCAACTGGTAAA-1","G1"
"AGGCAGGATCCTCG-1","G1"
"AGGCAGGATCTTAC-1","G1"
"AGGCCTCTCTGAAC-1","G1"
"AGGCCTCTCTGACA-1","G1"
"AGGCCTCTGACGAG-1","G1"
"AGGCCTCTGGAAAT-1","G1"
"AGGCTAACGGAGCA-1","S"
"AGGGACGACAGAAA-1","G1"
"AGGGAGTGCCTCAC-1","S"
"AGGGAGTGCGGGAA-1","G1"
"AGGGAGTGGCTTAG-1","G1"
"AGGGAGTGGTTTGG-1","G2M"
"AGGGCCACATTCCT-1","G1"
"AGGGCCTGCACTCC-1","G1"
"AGGGCCTGGTATCG-1","G1"
"AGGGCCTGTGACTG-1","G2M"
"AGGGCCTGTGTCTT-1","G1"
"AGGGTGGACCAATG-1","G1"
"AGGGTGGAGTCGTA-1","G1"
"AGGGTTTGACAGCT-1","G1"
"AGGGTTTGATTCGG-1","G1"
"AGGTACACTCACGA-1","G1"
"AGGTCATGAAGAAC-1","G1"
"AGGTCATGTTTCAC-1","S"
"AGGTCTGAAGATCC-1","G1"
"AGGTCTGATACAGC-1","G1"
"AGGTGGGACTCAGA-1","S"
"AGGTGTTGCAGGAG-1","G1"
"AGGTGTTGGCAGTT-1","G1"
"AGGTGTTGGCTACA-1","G1"
"AGGTTCGACATGCA-1","G1"
"AGGTTCGATCTCAT-1","S"
"AGGTTGTGACACGT-1","G1"
"AGGTTGTGATGCCA-1","G1"
"AGGTTGTGCTTACT-1","G1"
"AGGTTGTGGTATGC-1","G1"
"AGTAAGGAGGCATT-1","G1"
"AGTAATACTACGCA-1","G1"
"AGTAATTGAGTACC-1","G1"
"AGTAATTGGTGCTA-1","S"
"AGTAATTGTCAGTG-1","G1"
"AGTACGTGCGAGAG-1","G1"
"AGTACGTGTGATGC-1","S"
"AGTACGTGTTCGTT-1","G1"
"AGTACTCTCGAATC-1","G1"
"AGTAGAGACTTCCG-1","G1"
"AGTAGAGATACAGC-1","G1"
"AGTAGAGATGCCTC-1","G1"
"AGTAGAGATTTGCT-1","G1"
"AGTAGGCTTTCAGG-1","G1"
"AGTATAACACAGCT-1","G1"
"AGTATAACGGCATT-1","G1"
"AGTATCCTCACTCC-1","G1"
"AGTATCCTCCCGTT-1","G1"
"AGTATCCTGTACAC-1","G1"
"AGTCAGACGCTACA-1","G1"
"AGTCCAGAGCGGAA-1","S"
"AGTCCAGATGTGAC-1","G1"
"AGTCGAACCACAAC-1","G1"
"AGTCGCCTACAGCT-1","G1"
"AGTCGCCTCTGGTA-1","G1"
"AGTCGCCTGAGATA-1","S"
"AGTCGCCTGATAGA-1","G1"
"AGTCGCCTTATGGC-1","G1"
"AGTCGCCTTCACCC-1","G2M"
"AGTCGCCTTGCTAG-1","G1"
"AGTCTACTACGTTG-1","G1"
"AGTCTACTGGTATC-1","S"
"AGTCTACTGTTGCA-1","G1"
"AGTCTACTTTCCGC-1","G1"
"AGTGAAGACCAATG-1","G1"
"AGTGAAGACCTTGC-1","G1"
"AGTGAAGACTTTAC-1","G1"
"AGTGAAGATTCCAT-1","S"
"AGTGACACACCCTC-1","S"
"AGTGACACACTCTT-1","G1"
"AGTGACACTCGCCT-1","G2M"
"AGTGACACTTACTC-1","G1"
"AGTGACTGAAAGCA-1","G1"
"AGTGACTGAACTGC-1","G1"
"AGTGACTGACGCTA-1","G2M"
"AGTGCAACACTCAG-1","G1"
"AGTGCAACTATCGG-1","G1"
"AGTGTGACCGTTAG-1","G1"
"AGTGTGACGTCACA-1","G1"
"AGTGTTCTCTGAAC-1","G2M"
"AGTGTTCTCTTCTA-1","G2M"
"AGTTAAACCAGTTG-1","G1"
"AGTTATGAGCCCTT-1","G1"
"AGTTATGAGCTTAG-1","G2M"
"AGTTATGATCGACA-1","G2M"
"AGTTATGATCTCTA-1","G1"
"AGTTCTACAATCGC-1","G1"
"AGTTCTACCACTGA-1","G1"
"AGTTCTACTAAGCC-1","G1"
"AGTTCTTGCTCCAC-1","G1"
"AGTTCTTGGGAAGC-1","G1"
"AGTTCTTGTTGTCT-1","G1"
"AGTTGTCTATTCCT-1","G1"
"AGTTTAGATTCACT-1","G2M"
"AGTTTCACCGTTAG-1","G2M"
"AGTTTGCTAAGGGC-1","G1"
"AGTTTGCTTGCTTT-1","G1"
"ATAAACACAACGGG-1","G1"
"ATAAACACATCTTC-1","G1"
"ATAAACACTACGCA-1","S"
"ATAACAACCCAAGT-1","G1"
"ATAACAACTCGATG-1","G1"
"ATAACAACTGGGAG-1","G1"
"ATAACATGATCACG-1","S"
"ATAACATGCATGAC-1","G1"
"ATAACATGCGTTGA-1","G1"
"ATAACATGCTTCTA-1","G1"
"ATAACATGTAACCG-1","G1"
"ATAACATGTGCTGA-1","S"
"ATAACCCTGAGCAG-1","G1"
"ATAACCCTTGTTCT-1","G1"
"ATAAGTTGCTCCAC-1","G2M"
"ATAAGTTGGCTGTA-1","S"
"ATAAGTTGTGGGAG-1","G1"
"ATAAGTTGTTCCGC-1","G1"
"ATAATCGAGCCTTC-1","G1"
"ATAATCGATAGAGA-1","G1"
"ATAATCGATTCACT-1","G1"
"ATAATGACTAAGGA-1","G1"
"ATACACCTCTTTAC-1","G1"
"ATACCACTCCTTTA-1","G1"
"ATACCACTCTTCCG-1","G1"
"ATACCACTGTGTAC-1","G1"
"ATACCGGAAACCGT-1","G1"
"ATACCGGATTCGCC-1","G1"
"ATACCTACCATACG-1","G1"
"ATACCTTGAATCGC-1","G1"
"ATACCTTGAGCTCA-1","G1"
"ATACCTTGTCGTAG-1","G1"
"ATACGGACTTACCT-1","G1"
"ATACTCTGGGAGGT-1","G1"
"ATACTCTGTGAGAA-1","G1"
"ATAGAACTAGGTTC-1","G1"
"ATAGAACTGGTATC-1","G1"
"ATAGAACTTCAAGC-1","G1"
"ATAGAACTTCCTTA-1","G1"
"ATAGAACTTGGTTG-1","G1"
"ATAGATACACCCAA-1","G2M"
"ATAGATACGAGGCA-1","G1"
"ATAGATTGGGTCTA-1","G1"
"ATAGATTGTCTTCA-1","S"
"ATAGCCGACTGTAG-1","G1"
"ATAGCCGAGTCTAG-1","G1"
"ATAGCGTGGCGTTA-1","G1"
"ATAGCGTGTCTCCG-1","G1"
"ATAGCTCTAGCGTT-1","G1"
"ATAGGAGAGATGAA-1","G1"
"ATAGGCTGCTCCCA-1","G1"
"ATAGTTGAGCAGAG-1","G1"
"ATAGTTGAGGTATC-1","G1"
"ATAGTTGATTTGCT-1","G1"
"ATATACGAAGAGTA-1","S"
"ATATACGAAGGGTG-1","G1"
"ATATAGTGCAGTCA-1","G1"
"ATATGAACAATGCC-1","G1"
"ATATGCCTCTCATT-1","G1"
"ATCAAATGATCACG-1","G1"
"ATCAAATGCCTTCG-1","G1"
"ATCAAATGGTCACA-1","G1"
"ATCAACCTAACAGA-1","G1"
"ATCAACCTCTGGAT-1","G1"
"ATCACACTGACTAC-1","G1"
"ATCACGGACCTCGT-1","G1"
"ATCACGGACGACAT-1","G1"
"ATCACGGACTACGA-1","G1"
"ATCACGGAGCCCTT-1","G1"
"ATCACGGAGTAGCT-1","G1"
"ATCACGGATGGCAT-1","G1"
"ATCACTACATCGAC-1","G1"
"ATCACTACTGCAGT-1","G1"
"ATCAGGTGACGCTA-1","G1"
"ATCAGGTGTCGCAA-1","G1"
"ATCAGGTGTGTTTC-1","G1"
"ATCATCTGTTCCGC-1","G1"
"ATCATGCTAGGCGA-1","G1"
"ATCATGCTCCTACC-1","G1"
"ATCATGCTCTAAGC-1","G2M"
"ATCATGCTTGTGAC-1","G1"
"ATCCAGGAACCGAT-1","G2M"
"ATCCATACACTAGC-1","G1"
"ATCCATACGCATCA-1","G1"
"ATCCATACGCGAGA-1","G1"
"ATCCCGTGCCGCTT-1","G1"
"ATCCCGTGCGGGAA-1","G1"
"ATCCCGTGGACGTT-1","G1"
"ATCCCGTGTAGAAG-1","G2M"
"ATCCCGTGTCCTGC-1","G1"
"ATCCGCACGTAAGA-1","G1"
"ATCCTAACACGGGA-1","S"
"ATCCTAACAGATCC-1","G1"
"ATCCTAACCTTATC-1","G2M"
"ATCCTAACTGCCAA-1","G1"
"ATCGACGAAAACAG-1","G1"
"ATCGCAGAACAGCT-1","G2M"
"ATCGCAGACCTTCG-1","G1"
"ATCGCAGATCTATC-1","G1"
"ATCGCCACTTCGTT-1","G1"
"ATCGCGCTCATGGT-1","G1"
"ATCGCGCTGCTTCC-1","G1"
"ATCGCGCTTTCGGA-1","G1"
"ATCGGAACAAGTGA-1","G1"
"ATCGGTGAACACAC-1","G1"
"ATCGGTGAGACACT-1","G1"
"ATCGGTGAGTTGTG-1","S"
"ATCGTTTGCATTCT-1","G1"
"ATCGTTTGCTCGAA-1","S"
"ATCTACACACACGT-1","G1"
"ATCTACACAGTGCT-1","G1"
"ATCTACACGACAGG-1","G1"
"ATCTACACGCGAGA-1","G2M"
"ATCTACACTTCCAT-1","G1"
"ATCTACTGGGACAG-1","G1"
"ATCTACTGTGCTAG-1","G1"
"ATCTGACTCTCTTA-1","G1"
"ATCTGACTGGGTGA-1","G1"
"ATCTGGGACATTTC-1","G2M"
"ATCTGGGACCCACT-1","G1"
"ATCTGGGACCTTCG-1","G1"
"ATCTGGGACTTCGC-1","S"
"ATCTGGGATAACCG-1","G2M"
"ATCTGGGATCGATG-1","G1"
"ATCTGTTGCCTCAC-1","G1"
"ATCTGTTGCTTGAG-1","G1"
"ATCTTGACTGACAC-1","G1"
"ATCTTGACTTGCAG-1","G1"
"ATCTTTCTACTGTG-1","G2M"
"ATCTTTCTGGGAGT-1","G1"
"ATGAAACTCCCGTT-1","G1"
"ATGAAACTTTCCGC-1","G1"
"ATGAAGGAACGCTA-1","G1"
"ATGAAGGAAGCTAC-1","G1"
"ATGAAGGAGAGCAG-1","G1"
"ATGAAGGAGTAAAG-1","G1"
"ATGACGTGTTTCGT-1","G2M"
"ATGAGAGAACACCA-1","G1"
"ATGAGCACACCTTT-1","G1"
"ATGATAACCTGGTA-1","G1"
"ATGATAACGGTGGA-1","G1"
"ATGATAACTTTCTG-1","G1"
"ATGATATGACTGTG-1","G1"
"ATGATATGCCCGTT-1","G1"
"ATGCACGAAACAGA-1","G1"
"ATGCAGACCTGGAT-1","G1"
"ATGCAGACTTCACT-1","G1"
"ATGCAGTGGACGTT-1","G1"
"ATGCAGTGGGTAAA-1","G1"
"ATGCAGTGGTTGGT-1","G1"
"ATGCAGTGTGGTAC-1","G1"
"ATGCCAGAACGTGT-1","G1"
"ATGCCAGAGGGATG-1","S"
"ATGCCAGAGGTATC-1","G1"
"ATGCCGCTCAGAGG-1","G1"
"ATGCCGCTGTCTGA-1","G1"
"ATGCGATGACACGT-1","G1"
"ATGCGATGCCTGAA-1","G1"
"ATGCGCCTATCTTC-1","G1"
"ATGCGCCTCCATGA-1","G1"
"ATGCTTTGACCTCC-1","G1"
"ATGGACACCCGTAA-1","G1"
"ATGGACACCGAACT-1","G2M"
"ATGGACACCTACGA-1","S"
"ATGGACACGGAACG-1","G1"
"ATGGGTACTTTACC-1","S"
"ATGGTGACCGCCTT-1","G1"
"ATGGTGACTTGTGG-1","G1"
"ATGTACCTACTGGT-1","G1"
"ATGTCACTAGCGTT-1","G1"
"ATGTCACTCCGTAA-1","S"
"ATGTCACTTTGGTG-1","G1"
"ATGTCGGAGGTACT-1","G1"
"ATGTCGGATGTGAC-1","S"
"ATGTTAGAATGACC-1","G2M"
"ATGTTCACAAAGCA-1","G1"
"ATGTTGCTGTCACA-1","G2M"
"ATTAACGAAAGGCG-1","G1"
"ATTAAGACAGTCGT-1","G1"
"ATTAAGACCTGGTA-1","G1"
"ATTACCACACGGTT-1","G1"
"ATTACCACTGAAGA-1","G1"
"ATTACCTGCCTGAA-1","G2M"
"ATTAGATGATCGTG-1","G1"
"ATTAGATGGGACTT-1","G1"
"ATTAGATGTAGCGT-1","G1"
"ATTAGTGACCTTTA-1","S"
"ATTATGGAAGCACT-1","G1"
"ATTATGGAGGTGAG-1","G1"
"ATTCAAGAGAGGCA-1","G1"
"ATTCAAGAGGTCTA-1","G1"
"ATTCCAACGGAAAT-1","G1"
"ATTCCAACTTGCTT-1","G2M"
"ATTCCATGGCGATT-1","G1"
"ATTCGACTAAACGA-1","G1"
"ATTCGACTAACCTG-1","G1"
"ATTCGACTACTAGC-1","G2M"
"ATTCGACTGCTGTA-1","G1"
"ATTCGACTTAGAGA-1","G1"
"ATTCTGACTGCATG-1","G1"
"ATTCTTCTCCTCAC-1","G1"
"ATTCTTCTGAGGGT-1","G1"
"ATTGAAACAACGGG-1","G1"
"ATTGAAACCGAGTT-1","S"
"ATTGAAACTCTTAC-1","G1"
"ATTGAATGCTCTCG-1","G1"
"ATTGAATGTTCTTG-1","G2M"
"ATTGATGAGGAAGC-1","G1"
"ATTGATGAGTACCA-1","G1"
"ATTGATGAGTCGTA-1","G1"
"ATTGATGATCAAGC-1","G1"
"ATTGCACTAAGAGT-1","G2M"
"ATTGCACTCCCGTT-1","G1"
"ATTGCACTCCGAAT-1","G1"
"ATTGCACTGTCTTT-1","G1"
"ATTGCGGAAGTCAC-1","S"
"ATTGCGGACCGCTT-1","S"
"ATTGCTTGAAGAGT-1","G1"
"ATTGCTTGGCGTAT-1","G1"
"ATTGGGTGCTCTCG-1","G2M"
"ATTGGGTGTTTCGT-1","G2M"
"ATTGGTCTGTCTAG-1","G1"
"ATTGGTCTTCAAGC-1","G1"
"ATTGGTCTTCTCAT-1","G1"
"ATTGTAGAAGCTCA-1","G2M"
"ATTGTAGAATGTCG-1","G2M"
"ATTGTAGATCCTTA-1","G1"
"ATTGTCTGAATCGC-1","G1"
"ATTTAGGAAACGTC-1","G1"
"ATTTAGGACTACTT-1","G1"
"ATTTCCGAGGCATT-1","G1"
"ATTTCGTGTAGACC-1","G1"
"ATTTCTCTAGAGAT-1","G1"
"ATTTCTCTCTCCAC-1","G1"
"ATTTCTCTTAACCG-1","G1"
"CAAACTCTCGAATC-1","G2M"
"CAAACTCTTATCGG-1","G2M"
"CAAAGCACAACGTC-1","G2M"
"CAAAGCACTCCTCG-1","G1"
"CAAAGCACTGCAAC-1","G1"
"CAAAGCTGATGCTG-1","G1"
"CAAAGCTGTCCTGC-1","G1"
"CAAATATGAAACAG-1","G1"
"CAAATATGCGCATA-1","G1"
"CAAATTGAGTTTCT-1","G1"
"CAAATTGATAGCCA-1","G1"
"CAACCAGAATACCG-1","G1"
"CAACCAGATGAACC-1","G1"
"CAACCGCTACCATG-1","G1"
"CAACCGCTCCAGTA-1","G1"
"CAACCGCTCGCATA-1","G1"
"CAACGAACTGAGCT-1","G1"
"CAACGAACTTCGCC-1","G1"
"CAACGATGAAGGGC-1","G1"
"CAACGATGAAGTAG-1","G1"
"CAACGATGCACTCC-1","G1"
"CAACGATGGAGGCA-1","G1"
"CAACGTGAAACCGT-1","S"
"CAACGTGAAGCACT-1","G2M"
"CAACGTGAAGGTCT-1","G1"
"CAACGTGACCGTTC-1","G1"
"CAACGTGACTTGTT-1","G2M"
"CAACTTTGCTTGTT-1","S"
"CAAGAAGAGAGGAC-1","G1"
"CAAGAAGAGGATTC-1","G1"
"CAAGAAGATCTTCA-1","G1"
"CAAGACACTAAAGG-1","G1"
"CAAGACACTCGTGA-1","G1"
"CAAGACTGGTCTTT-1","G2M"
"CAAGCATGAAGTGA-1","G1"
"CAAGCCCTTGTTTC-1","G1"
"CAAGCTGAGGTATC-1","G1"
"CAAGGACTATCAGC-1","G1"
"CAAGGTTGAAAAGC-1","G1"
"CAAGGTTGAGTAGA-1","G2M"
"CAAGGTTGATACCG-1","G1"
"CAAGTCGACTTGGA-1","G1"
"CAAGTCGAGCATAC-1","G1"
"CAAGTCGAGTCATG-1","G1"
"CAAGTTCTAGTGTC-1","G1"
"CAAGTTCTCATGCA-1","G1"
"CAAGTTCTGTCTTT-1","G1"
"CAATAAACCCACCT-1","G1"
"CAATAAACCGAGAG-1","G1"
"CAATAAACCTCTAT-1","G1"
"CAATAAACGCCATA-1","G1"
"CAATAATGGCGGAA-1","G1"
"CAATAATGTTCGTT-1","G1"
"CAATATGAACCACA-1","G2M"
"CAATATGAGCGTAT-1","G1"
"CAATCGGATAGCGT-1","G1"
"CAATCGGATCTTTG-1","S"
"CAATCGGATGTCTT-1","G1"
"CAATCTACCATTTC-1","G1"
"CAATCTACTCTGGA-1","G1"
"CAATGGACAAAGTG-1","G1"
"CAATGGACACGGAG-1","G1"
"CAATGGACTCTACT-1","G1"
"CAATTCACCGCTAA-1","G1"
"CAATTCTGAGTCGT-1","G1"
"CAATTCTGCACTTT-1","G1"
"CAATTCTGCGAACT-1","S"
"CAATTCTGCTTATC-1","G2M"
"CACAACGATACAGC-1","G1"
"CACAATCTCGTTAG-1","G1"
"CACACCTGATGTCG-1","G1"
"CACACCTGCTGATG-1","G1"
"CACAGAACACCAAC-1","G1"
"CACAGCCTCTACTT-1","G1"
"CACAGCCTGAATCC-1","G1"
"CACAGCCTTGCCAA-1","G1"
"CACCACTGACTGTG-1","G1"
"CACCACTGGGGCAA-1","G1"
"CACCACTGTCATTC-1","G2M"
"CACCCATGCGAACT-1","G1"
"CACCGGGAGCGAAG-1","G1"
"CACCGTACACCCTC-1","G1"
"CACCGTACCTCTCG-1","S"
"CACCTGACTTGGCA-1","G1"
"CACGAAACGCGAGA-1","G1"
"CACGACCTATGCCA-1","G1"
"CACGACCTCACTGA-1","G1"
"CACGACCTCCCGTT-1","G2M"
"CACGACCTCTCTTA-1","G1"
"CACGACCTTTCTCA-1","G1"
"CACGATGAAACCTG-1","G1"
"CACGATGAAGGGTG-1","G1"
"CACGATGAATGACC-1","G2M"
"CACGATGACTACGA-1","S"
"CACGCTACCCTACC-1","G2M"
"CACGCTACTATCTC-1","G1"
"CACGCTACTGGTAC-1","G1"
"CACGGGACAAGCAA-1","G1"
"CACGGGACACCTCC-1","G1"
"CACGGGACCTGAGT-1","S"
"CACGGGACCTGGTA-1","G1"
"CACGGGACGGCAAG-1","G1"
"CACGGGACTCCTCG-1","G1"
"CACGGGTGAAGTAG-1","G2M"
"CACGGGTGCCCTTG-1","G2M"
"CACGGGTGTCAGAC-1","G1"
"CACTAACTCCAATG-1","G1"
"CACTAGGACATGGT-1","G2M"
"CACTATACGTCAAC-1","G1"
"CACTATACTACGAC-1","G1"
"CACTATACTTGACG-1","G1"
"CACTCCGAACAGTC-1","G1"
"CACTCTCTACCTGA-1","G1"
"CACTCTCTTCAGGT-1","G1"
"CACTGAGAGATGAA-1","G1"
"CACTGAGATCCCAC-1","G1"
"CACTGCACATCGAC-1","G1"
"CACTGCTGATGGTC-1","G1"
"CACTTATGACCTAG-1","G2M"
"CACTTATGGGTTTG-1","G1"
"CACTTTGAACTAGC-1","G1"
"CACTTTGAGGACTT-1","G1"
"CACTTTGAGTCTAG-1","S"
"CAGAAGCTCCAAGT-1","S"
"CAGAAGCTCCGATA-1","G1"
"CAGAAGCTGTTCAG-1","G1"
"CAGACAACCAGAGG-1","G1"
"CAGACATGCCTCCA-1","G1"
"CAGACATGGGTTCA-1","G1"
"CAGACATGGGTTTG-1","G1"
"CAGACTGAATGTGC-1","G1"
"CAGACTGACAGATC-1","G2M"
"CAGAGGGACTATTC-1","G1"
"CAGAGGGAGCCCTT-1","G1"
"CAGAGGGATGTCAG-1","G1"
"CAGATCGAACTGTG-1","G1"
"CAGATCGAGCAAGG-1","G2M"
"CAGATCGATAGCCA-1","S"
"CAGATGACCTGCTC-1","G1"
"CAGATGACGACAAA-1","G1"
"CAGATGACTGCATG-1","G1"
"CAGCAATGCCCACT-1","S"
"CAGCAATGTACGAC-1","G1"
"CAGCACCTGTGCAT-1","G1"
"CAGCACCTTTTGTC-1","G1"
"CAGCATGAGACAAA-1","G1"
"CAGCATGAGAGGGT-1","G2M"
"CAGCATGAGCTTCC-1","S"
"CAGCATGATCTATC-1","G1"
"CAGCCTACCTCCCA-1","G1"
"CAGCCTTGCGAGTT-1","G1"
"CAGCCTTGTACTCT-1","G1"
"CAGCCTTGTGAACC-1","G1"
"CAGCGGACGATACC-1","G1"
"CAGCGGACGCTTAG-1","G1"
"CAGCGGACTATGCG-1","G1"
"CAGCGTCTACTTTC-1","G1"
"CAGCGTCTGGTAGG-1","G1"
"CAGCTAGACATCAG-1","G1"
"CAGCTAGACTTTAC-1","G2M"
"CAGCTAGAGCTTAG-1","G1"
"CAGCTCACAGGAGC-1","G1"
"CAGCTCTGCGAACT-1","G1"
"CAGGAACTCCAATG-1","G2M"
"CAGGAACTGTGTCA-1","G1"
"CAGGAACTTACTGG-1","G1"
"CAGGCCGAACGTTG-1","G1"
"CAGGCCGACGTCTC-1","G1"
"CAGGGCACCCACCT-1","G1"
"CAGGGCACTCGATG-1","G1"
"CAGGTAACCTCCCA-1","G1"
"CAGGTTGAGGTAAA-1","G1"
"CAGGTTGAGGTGAG-1","G1"
"CAGTCAGATTGACG-1","G1"
"CAGTGATGCGACAT-1","G1"
"CAGTGATGTCCAAG-1","S"
"CAGTGTGATTGCTT-1","G1"
"CAGTTACTACACTG-1","G1"
"CAGTTACTTATCTC-1","G1"
"CAGTTGGACTACGA-1","G1"
"CAGTTTACCGTCTC-1","G1"
"CAGTTTACGTTAGC-1","S"
"CATAAAACATTGGC-1","G2M"
"CATAAAACCTGAAC-1","G1"
"CATAAAACTTCCCG-1","G1"
"CATAAATGCAGAGG-1","G1"
"CATAAATGGTTCGA-1","G1"
"CATAAATGTGTCGA-1","G1"
"CATAACCTCGTAAC-1","S"
"CATAACCTGGGTGA-1","G1"
"CATAACCTTCAAGC-1","G1"
"CATACTACGCCAAT-1","G1"
"CATACTACTCTATC-1","G1"
"CATACTACTGTGGT-1","G1"
"CATACTTGACCATG-1","S"
"CATAGTCTAGTCGT-1","G1"
"CATAGTCTTTCTGT-1","G1"
"CATCAACTCGACTA-1","G1"
"CATCAGGACAGTCA-1","S"
"CATCATACGAAGGC-1","G1"
"CATCATACGCGGAA-1","G1"
"CATCATACGTTTGG-1","G1"
"CATCATACTAAAGG-1","G1"
"CATCGCTGCCGATA-1","G1"
"CATCGCTGGGTGAG-1","G1"
"CATCGGCTGTCTGA-1","G1"
"CATCGGCTTCGCAA-1","G1"
"CATCTCCTATACCG-1","G1"
"CATCTCCTGCGAGA-1","G1"
"CATCTCCTTGCACA-1","G1"
"CATCTTGAAGTGCT-1","G1"
"CATCTTGACGTTGA-1","S"
"CATCTTGAGGTACT-1","G1"
"CATGAGACCTACGA-1","S"
"CATGAGACGAGCTT-1","G2M"
"CATGAGACGCCTTC-1","G1"
"CATGCCACTCCTTA-1","G1"
"CATGCGCTATCGAC-1","G1"
"CATGCGCTGGGACA-1","G1"
"CATGGATGAGAAGT-1","G1"
"CATGGATGCGTAAC-1","G1"
"CATGGATGGCAGTT-1","G1"
"CATGGCCTGGATTC-1","G2M"
"CATGTACTCATGAC-1","G1"
"CATGTACTCTTGCC-1","S"
"CATGTACTGGTGGA-1","G1"
"CATGTACTTGTGGT-1","G1"
"CATGTTACCATCAG-1","S"
"CATGTTACCTGTTT-1","G1"
"CATGTTACTGTCAG-1","G1"
"CATGTTTGGGAGCA-1","G1"
"CATGTTTGTTCATC-1","S"
"CATTACACAACCGT-1","S"
"CATTACACCGCATA-1","G1"
"CATTAGCTCGTCTC-1","G1"
"CATTCCCTGTCACA-1","G1"
"CATTGGGATCCTTA-1","G1"
"CATTGGGATGAGAA-1","G1"
"CATTGTACACCACA-1","G1"
"CATTGTACATTGGC-1","G1"
"CATTGTACCGTAAC-1","G1"
"CATTGTACTCACGA-1","G1"
"CATTGTTGGCTCCT-1","G1"
"CATTTCGAGTAAGA-1","G1"
"CATTTGACACCTGA-1","S"
"CATTTGACCCTCCA-1","S"
"CATTTGTGACCAGT-1","G1"
"CATTTGTGCCATAG-1","G1"
"CCAAAGTGTGCTCC-1","G1"
"CCAACCTGGGTGTT-1","G2M"
"CCAAGAACACCTAG-1","G1"
"CCAAGAACACCTTT-1","G1"
"CCAAGAACTCCAAG-1","G1"
"CCAAGAACTGCCCT-1","G1"
"CCAAGATGATCGAC-1","G1"
"CCAAGATGCAAGCT-1","G1"
"CCAAGATGGTACAC-1","G1"
"CCAAGTGAACGGGA-1","G1"
"CCAAGTGACAGAAA-1","G1"
"CCAATGGATGAAGA-1","G1"
"CCAATTTGAGAGTA-1","G1"
"CCAATTTGGTTAGC-1","G1"
"CCACCATGAGTCAC-1","G1"
"CCACCATGCTCTCG-1","G1"
"CCACCTGAAACGGG-1","G2M"
"CCACCTGACTACGA-1","G2M"
"CCACCTGAGACGTT-1","G2M"
"CCACCTGATCCCAC-1","G1"
"CCACTGACCACTTT-1","G1"
"CCACTGACGTCTAG-1","G1"
"CCACTGACTCAGAC-1","G1"
"CCACTGACTTCTGT-1","G1"
"CCACTGTGTACGAC-1","G1"
"CCACTTCTACGTGT-1","G2M"
"CCACTTCTCCTAAG-1","G1"
"CCAGAAACGAAGGC-1","G1"
"CCAGAAACTCCCGT-1","G1"
"CCAGACCTATGACC-1","G1"
"CCAGATGAACCAAC-1","G1"
"CCAGATGAGACGAG-1","G1"
"CCAGATGAGCAGAG-1","G1"
"CCAGATGAGCATCA-1","G1"
"CCAGCACTTGGTTG-1","G1"
"CCAGCGGACGAGAG-1","G1"
"CCAGCGGACTCGCT-1","S"
"CCAGCGGACTTACT-1","S"
"CCAGCGGAGAGCAG-1","G1"
"CCAGCGGAGTTGTG-1","G1"
"CCAGCTACTCCAAG-1","G1"
"CCAGCTACTGGAGG-1","G1"
"CCAGCTACTGTCAG-1","G1"
"CCAGGTCTACCTGA-1","G1"
"CCAGGTCTTGTTTC-1","G1"
"CCAGTCACACGGGA-1","G1"
"CCAGTCACCTCAGA-1","G1"
"CCAGTCTGAAAGTG-1","G1"
"CCAGTCTGGCATAC-1","G1"
"CCAGTGCTCCCAAA-1","G1"
"CCAGTGCTTCAGAC-1","G1"
"CCATATACACCATG-1","G1"
"CCATATACCTATTC-1","G1"
"CCATCCGAAGCACT-1","G2M"
"CCATCCGATGTCTT-1","G1"
"CCATCCGATTCCAT-1","G1"
"CCATCGTGATGACC-1","G1"
"CCATCGTGGCTTAG-1","S"
"CCATGCTGCGAATC-1","G2M"
"CCATTAACGACGAG-1","G1"
"CCATTAACGATAAG-1","G1"
"CCCAAAGAACCACA-1","G1"
"CCCAAAGACCCACT-1","G2M"
"CCCAAAGACTTGAG-1","G1"
"CCCAAAGACTTTAC-1","G1"
"CCCAAAGATTCTGT-1","G1"
"CCCAACACTTCGGA-1","G1"
"CCCAACTGCCACCT-1","G1"
"CCCAACTGCTTATC-1","G1"
"CCCAACTGTCACGA-1","G1"
"CCCACATGAGCTAC-1","G1"
"CCCACATGCCCTCA-1","G1"
"CCCAGTTGCACACA-1","G1"
"CCCAGTTGTCTATC-1","S"
"CCCAGTTGTGAACC-1","G1"
"CCCATCGACCCTCA-1","G1"
"CCCATGTGCCACAA-1","G1"
"CCCATGTGGTATCG-1","G1"
"CCCGAACTTCGTGA-1","G2M"
"CCCGAACTTTACTC-1","G2M"
"CCCGATTGGGAGCA-1","G2M"
"CCCGATTGGGTATC-1","G1"
"CCCGATTGTTCCAT-1","G1"
"CCCGGAGAGACACT-1","G1"
"CCCGGAGATTAGGC-1","G1"
"CCCTACGACCAACA-1","G1"
"CCCTAGTGCATGGT-1","G1"
"CCCTAGTGGATAAG-1","G2M"
"CCCTAGTGTCCGTC-1","G2M"
"CCCTCAGAAAGGCG-1","G1"
"CCCTCAGACCACAA-1","G1"
"CCCTCAGACTCTCG-1","G2M"
"CCCTCAGAGGCGAA-1","S"
"CCCTCAGAGGGAGT-1","G1"
"CCCTGAACAGATGA-1","G1"
"CCCTTACTCAGATC-1","S"
"CCCTTACTTGACCA-1","G1"
"CCGAAAACTTGCGA-1","G1"
"CCGACACTCTGATG-1","G1"
"CCGACACTTATTCC-1","G1"
"CCGATAGAATCTTC-1","G1"
"CCGATAGAGGCGAA-1","G1"
"CCGCGAGAACACGT-1","G1"
"CCGCGAGACCAGTA-1","S"
"CCGCGAGAGTAAAG-1","G1"
"CCGCTATGACGTAC-1","G1"
"CCGCTATGTCCCAC-1","G1"
"CCGGAGACTCAGTG-1","G1"
"CCGGAGTGCCGTTC-1","G1"
"CCGGTACTAGCGGA-1","G1"
"CCGTACACACCTAG-1","G1"
"CCGTACACTTGTGG-1","G1"
"CCTAAACTGAATAG-1","G1"
"CCTAGAGATCCTAT-1","S"
"CCTATAACCGACTA-1","G1"
"CCTATAACCGCAAT-1","G1"
"CCTATAACGAAGGC-1","S"
"CCTATTGAGGTCAT-1","G2M"
"CCTCATCTAAGTGA-1","G1"
"CCTCATCTACGGGA-1","G1"
"CCTCATCTCGACTA-1","G1"
"CCTCATCTGAAAGT-1","G1"
"CCTCATCTGTATCG-1","G1"
"CCTCGAACATCTCT-1","G1"
"CCTCTACTCAGATC-1","G1"
"CCTCTACTCTGTAG-1","G1"
"CCTCTACTGTGTAC-1","G1"
"CCTCTACTTTCCGC-1","G1"
"CCTCTACTTTCGGA-1","G1"
"CCTGACTGTCCTGC-1","G1"
"CCTGACTGTGCATG-1","G1"
"CCTGACTGTTACTC-1","G1"
"CCTGAGCTCCCTCA-1","G1"
"CCTGAGCTGCTGTA-1","G1"
"CCTGCAACACGTTG-1","G2M"
"CCTGCAACCACCAA-1","G1"
"CCTGCAACTGCGTA-1","G1"
"CCTGGACTCATGGT-1","G1"
"CCTTCACTCTCAAG-1","G1"
"CCTTCACTCTTAGG-1","G1"
"CCTTCACTGCCATA-1","G1"
"CCTTCACTGTCTTT-1","G1"
"CCTTTAGAACTGTG-1","G1"
"CGAACATGACTAGC-1","G1"
"CGAACATGTGCAAC-1","G1"
"CGAACATGTTGACG-1","G1"
"CGAAGACTAACGGG-1","G1"
"CGAAGACTCTCTAT-1","G2M"
"CGAAGACTGGAGTG-1","G1"
"CGAAGGGACAGAGG-1","G1"
"CGAAGGGATCTTAC-1","G1"
"CGAAGTACGTTCTT-1","G1"
"CGAATCGACATTGG-1","G1"
"CGAATCGACCCACT-1","G1"
"CGAATCGAGAATCC-1","G1"
"CGACAAACACGCTA-1","G1"
"CGACAAACAGGGTG-1","G1"
"CGACAAACAGTCTG-1","G1"
"CGACCACTCTTCTA-1","G1"
"CGACCGGAGTTACG-1","G1"
"CGACCGGATCTCTA-1","G1"
"CGACCTACTGACAC-1","G1"
"CGACCTTGCTGGTA-1","G1"
"CGACGTCTAAAAGC-1","G1"
"CGACGTCTCACAAC-1","G1"
"CGACGTCTCGAGAG-1","G1"
"CGACGTCTGAATGA-1","G1"
"CGACGTCTTAACGC-1","G1"
"CGACTCTGAGCAAA-1","G1"
"CGACTCTGCAGCTA-1","G1"
"CGACTCTGGCCAAT-1","G2M"
"CGACTCTGTAAAGG-1","G1"
"CGACTGCTCATGGT-1","G1"
"CGACTGCTCGCAAT-1","G1"
"CGAGAACTACCAGT-1","G1"
"CGAGAACTATGTCG-1","G1"
"CGAGAACTGAACTC-1","G1"
"CGAGAACTGTCATG-1","G2M"
"CGAGAACTTCCTTA-1","G1"
"CGAGCCGAAGCGGA-1","G2M"
"CGAGCGTGCAGTCA-1","G2M"
"CGAGCGTGGTACGT-1","G1"
"CGAGGAGAGAATAG-1","G1"
"CGAGGCACCCTTGC-1","G1"
"CGAGGCACGACGTT-1","G1"
"CGAGGGCTTGGGAG-1","G1"
"CGAGTATGAGAACA-1","G1"
"CGATACGAACCAAC-1","G1"
"CGATACGACGTACA-1","G1"
"CGATACGACTGAGT-1","G1"
"CGATACGATGAACC-1","G1"
"CGATAGACAAGAGT-1","G1"
"CGATAGACCCTTCG-1","G1"
"CGATAGACGCTACA-1","G1"
"CGATAGACTCCTAT-1","G1"
"CGATCAGAACGTAC-1","G1"
"CGATCAGAGTATCG-1","G1"
"CGATCAGATCGCCT-1","G1"
"CGCAAATGCCGAAT-1","G2M"
"CGCAAATGTACAGC-1","G2M"
"CGCAAATGTCACGA-1","G1"
"CGCAACCTGGGAGT-1","G1"
"CGCAACCTTCCTCG-1","G1"
"CGCACGGAGGAGGT-1","G1"
"CGCACTTGAGCAAA-1","G2M"
"CGCACTTGCTCCCA-1","G1"
"CGCAGGACACCTAG-1","G1"
"CGCAGGACCCTGTC-1","G1"
"CGCAGGACCTGTAG-1","G1"
"CGCAGGTGAGACTC-1","G1"
"CGCAGGTGCGTACA-1","S"
"CGCAGGTGTGCGTA-1","G1"
"CGCATAGAAAGGGC-1","G1"
"CGCATAGACTAGCA-1","G2M"
"CGCATAGATACTCT-1","G1"
"CGCCATACACGTAC-1","G1"
"CGCCGAGACTACCC-1","G1"
"CGCCGAGAGCCATA-1","G1"
"CGCCGAGATAGAGA-1","G2M"
"CGCCTAACCTGGAT-1","G1"
"CGCGAGACCTATTC-1","G1"
"CGCGATCTCACAAC-1","G1"
"CGCGATCTCTCTAT-1","G1"
"CGCGATCTTTTCAC-1","G1"
"CGCTACACATGGTC-1","G2M"
"CGCTACACTTGTGG-1","G1"
"CGCTACTGGAATGA-1","G1"
"CGCTACTGGGGCAA-1","G2M"
"CGCTCATGACAGTC-1","G2M"
"CGCTCATGACCATG-1","G1"
"CGCTCATGTGGTAC-1","G1"
"CGGAATTGGAATAG-1","G1"
"CGGAATTGGGTATC-1","G1"
"CGGAATTGTCAGGT-1","G1"
"CGGAATTGTCCTTA-1","G1"
"CGGACCGAAACCTG-1","G1"
"CGGACCGACTGCTC-1","G1"
"CGGACCGATCCCGT-1","G2M"
"CGGACTCTGATACC-1","G1"
"CGGACTCTTTCGGA-1","G1"
"CGGACTCTTTTGCT-1","G1"
"CGGAGGCTAACTGC-1","G1"
"CGGAGGCTAGTCGT-1","G1"
"CGGAGGCTGTAAAG-1","G1"
"CGGATAACAACCAC-1","S"
"CGGATAACAAGAAC-1","S"
"CGGATAACAAGGCG-1","G1"
"CGGATAACACCACA-1","G1"
"CGGATAACTTCACT-1","G1"
"CGGATATGATCGTG-1","G1"
"CGGATATGATGGTC-1","G1"
"CGGATATGGAACCT-1","G1"
"CGGATATGGAATCC-1","G1"
"CGGCACGAGAATCC-1","G1"
"CGGCACGAGTATCG-1","S"
"CGGCACGATTTACC-1","G1"
"CGGCACGATTTCGT-1","G1"
"CGGCATCTAGATCC-1","G1"
"CGGCCAGAACTCAG-1","G1"
"CGGCCAGAATCGTG-1","G1"
"CGGCGAACAAACGA-1","G1"
"CGGCGAACGAGATA-1","G1"
"CGGCGAACTCATTC-1","G1"
"CGGCGATGCCTCCA-1","G1"
"CGGGACTGGTAGCT-1","G1"
"CGGGCATGATGCCA-1","G1"
"CGGGCATGGGGATG-1","G1"
"CGGGCATGTGTCGA-1","G1"
"CGGTAAACAGTAGA-1","G1"
"CGGTAAACTACGAC-1","G1"
"CGGTAAACTGAAGA-1","G1"
"CGGTACCTACAGCT-1","S"
"CGGTACCTGTAAAG-1","S"
"CGGTACCTTTAGGC-1","G1"
"CGGTCACTGCCCTT-1","G1"
"CGTAACGAAGCCAT-1","S"
"CGTACAGATCTCTA-1","G1"
"CGTACCACCGCTAA-1","G1"
"CGTACCACGCTCCT-1","G1"
"CGTACCTGCGAGTT-1","G2M"
"CGTACCTGGTAAAG-1","G2M"
"CGTACCTGTAAGCC-1","G1"
"CGTACCTGTTCGGA-1","G1"
"CGTAGCCTTTCCAT-1","G1"
"CGTCAAGAGATAAG-1","G1"
"CGTCAAGAGTGTCA-1","S"
"CGTCCATGACCTGA-1","G1"
"CGTCGACTAAGGGC-1","G1"
"CGTCGACTTCCTGC-1","G1"
"CGTCGACTTCTCCG-1","G1"
"CGTGAAACTGGGAG-1","G2M"
"CGTGAATGGCAAGG-1","G1"
"CGTGAATGTCGTTT-1","G1"
"CGTGATGAACGCTA-1","G1"
"CGTGATGACGTTAG-1","S"
"CGTGATGATATGCG-1","G1"
"CGTGCACTAACCTG-1","G1"
"CGTGCACTAGCCAT-1","G1"
"CGTGTAGAGTCGTA-1","G1"
"CGTTAACTCTAAGC-1","G1"
"CGTTAACTGTCTAG-1","G1"
"CGTTAACTTGAGCT-1","G1"
"CGTTAGGAGCATAC-1","G2M"
"CGTTAGGATACGAC-1","G1"
"CGTTAGGATGGTAC-1","G1"
"CGTTAGGATTATCC-1","G1"
"CGTTAGGATTCCCG-1","G2M"
"CGTTATACAACCAC-1","G1"
"CGTTATACCTGCTC-1","G1"
"CGTTATACGTGTCA-1","G1"
"CGTTATACTGTAGC-1","G1"
"CGTTTAACACTCAG-1","G1"
"CTAAACCTTGTTCT-1","G1"
"CTAACACTCCTCGT-1","G1"
"CTAACGGAACCTGA-1","G1"
"CTAACGGACTTACT-1","G1"
"CTAACGGATACTCT-1","S"
"CTAACTACAACCGT-1","S"
"CTAACTACCCTAAG-1","G1"
"CTAAGGACCCTAAG-1","S"
"CTAAGGACGAGCTT-1","G1"
"CTAATAGAACCTCC-1","G1"
"CTAATAGACACAAC-1","G1"
"CTAATAGACTTCTA-1","G2M"
"CTAATAGATGTGGT-1","G1"
"CTAATGCTCGAGAG-1","G1"
"CTACAACTCGTTGA-1","G1"
"CTACAACTTCGCAA-1","G1"
"CTACCTCTCCATAG-1","G2M"
"CTACCTCTTGAGGG-1","G1"
"CTACCTCTTGCATG-1","G1"
"CTACGCACCAGAGG-1","S"
"CTACGCACTCGCAA-1","G1"
"CTACTATGCCCAAA-1","G1"
"CTACTCCTCAAAGA-1","G1"
"CTAGATCTAAAAGC-1","G1"
"CTAGATCTCCCACT-1","G1"
"CTAGATCTTCCTGC-1","G1"
"CTAGATCTTCGATG-1","G1"
"CTAGGCCTAAGGTA-1","G1"
"CTAGGCCTCTCTCG-1","G1"
"CTAGGCCTTATCGG-1","G1"
"CTAGGTGACCGTAA-1","G1"
"CTAGGTGATGAGAA-1","G1"
"CTAGTTACAATGCC-1","S"
"CTAGTTACAGTGCT-1","G2M"
"CTAGTTACCTAGTG-1","G1"
"CTAGTTACCTTGGA-1","G1"
"CTAGTTACGACGGA-1","G2M"
"CTAGTTACGTCGTA-1","G1"
"CTAGTTACTGCCTC-1","G1"
"CTATACTGCTGTGA-1","G1"
"CTATAGCTGACGTT-1","G1"
"CTATCAACCTGTGA-1","G1"
"CTATCAACTGCGTA-1","G1"
"CTATCATGTGACCA-1","G1"
"CTATCATGTGTTCT-1","G2M"
"CTATCCCTAAGTGA-1","G1"
"CTATCCCTATGGTC-1","G1"
"CTATCCCTTCAGAC-1","G1"
"CTATCCCTTCTCCG-1","G1"
"CTATGACTCCTAAG-1","G1"
"CTATGACTTTCTTG-1","G1"
"CTATGTACGGTCTA-1","G1"
"CTATGTACTTCGCC-1","G1"
"CTATGTTGAGCCTA-1","S"
"CTATGTTGGGACTT-1","G1"
"CTATTGACCGGGAA-1","G1"
"CTATTGTGTGCTGA-1","G1"
"CTCAATTGCAGAAA-1","G1"
"CTCAATTGTCCAGA-1","G1"
"CTCAGAGACAGAAA-1","G1"
"CTCAGAGAGTGCTA-1","G1"
"CTCAGCACGCAAGG-1","G2M"
"CTCAGCACGGGATG-1","G1"
"CTCAGCTGACCTTT-1","S"
"CTCAGCTGCAGAGG-1","G1"
"CTCAGCTGCTAGCA-1","G1"
"CTCAGGCTAAAGTG-1","S"
"CTCAGGCTAAGGCG-1","G2M"
"CTCATTGAACCAAC-1","G1"
"CTCATTGATGGAGG-1","G1"
"CTCCACGAAAACGA-1","G1"
"CTCCATCTGCCCTT-1","G1"
"CTCCGAACGGCGAA-1","G1"
"CTCCTACTAACCTG-1","G2M"
"CTCCTACTAAGAGT-1","G1"
"CTCGAAGATACAGC-1","G2M"
"CTCGAAGATACTTC-1","G1"
"CTCGACACCTTAGG-1","G1"
"CTCGACACGAACCT-1","G1"
"CTCGACTGTTGTGG-1","G1"
"CTCGAGCTGGACTT-1","G1"
"CTCGAGCTTCCAAG-1","G1"
"CTCGCATGAAGTAG-1","G2M"
"CTCGCATGGTCATG-1","G1"
"CTCTAAACACTTTC-1","G1"
"CTCTAAACGACGTT-1","G1"
"CTCTAATGGCTATG-1","G1"
"CTCTAATGGGTGTT-1","G1"
"CTCTAATGGTAGCT-1","G2M"
"CTCTAATGTGTCTT-1","G1"
"CTGAACGACAGTCA-1","G1"
"CTGAACGAGAGGAC-1","G2M"
"CTGAACGAGCAAGG-1","G1"
"CTGAACGAGGGATG-1","S"
"CTGAACGAGTACAC-1","G1"
"CTGAAGACCAGAGG-1","S"
"CTGAAGTGAAAGTG-1","G1"
"CTGAAGTGCCGCTT-1","S"
"CTGAAGTGGAGGTG-1","G1"
"CTGAATCTCACTAG-1","S"
"CTGAATCTTACAGC-1","G1"
"CTGAATCTTCTAGG-1","G1"
"CTGACAGAACCATG-1","G2M"
"CTGACAGAGGTGAG-1","S"
"CTGACCACACTGGT-1","G1"
"CTGACCACCTATTC-1","G1"
"CTGACCACCTCAGA-1","G1"
"CTGACCACGGCGAA-1","G1"
"CTGACCACGGGATG-1","G1"
"CTGAGAACTCCTTA-1","G1"
"CTGAGCCTACACAC-1","G2M"
"CTGAGCCTACCCAA-1","G1"
"CTGAGCCTAGGTCT-1","G1"
"CTGAGCCTCTCATT-1","G1"
"CTGAGCCTCTCGAA-1","G1"
"CTGAGCCTTTAGGC-1","G1"
"CTGATACTGACTAC-1","G1"
"CTGATACTGTTCAG-1","S"
"CTGATGGAAGTGTC-1","G2M"
"CTGATGGAGGAGTG-1","G2M"
"CTGATTTGACCCAA-1","G1"
"CTGATTTGCTGAGT-1","G1"
"CTGATTTGTATGCG-1","G1"
"CTGCAGCTTTGGCA-1","G1"
"CTGCCAACTCCTGC-1","G1"
"CTGCCAACTGTGAC-1","G1"
"CTGCCAACTTGCGA-1","G1"
"CTGCGACTCGGAGA-1","G1"
"CTGCGACTTGTAGC-1","G1"
"CTGGAAACAACCAC-1","G2M"
"CTGGAAACATCGGT-1","G1"
"CTGGATGACATCAG-1","G1"
"CTGGATGAGCCAAT-1","G1"
"CTGGATGAGGAAGC-1","G1"
"CTGTAACTAGAGTA-1","G1"
"CTGTAACTCACTGA-1","G1"
"CTGTGAGACCCAAA-1","G1"
"CTGTGAGACTCTAT-1","G1"
"CTTAAAGACCTTTA-1","G1"
"CTTAAAGAGTAGGG-1","G2M"
"CTTAACACCTAGCA-1","G1"
"CTTAAGCTTCCTCG-1","G1"
"CTTAAGCTTTGTGG-1","G1"
"CTTACAACGAGCTT-1","S"
"CTTACTGAGTTGAC-1","G1"
"CTTACTGATGCATG-1","G2M"
"CTTAGACTACTCTT-1","G2M"
"CTTAGGGATAGAGA-1","G1"
"CTTAGGGATTGCGA-1","G1"
"CTTATCGACGAGTT-1","S"
"CTTATCGAGCTGAT-1","G1"
"CTTCACCTCCCTAC-1","G1"
"CTTCACCTTGCCCT-1","G2M"
"CTTCATGACAATCG-1","S"
"CTTCATGACGTACA-1","G1"
"CTTCATGAGGACTT-1","G2M"
"CTTCATGAGTATGC-1","G1"
"CTTCATGAGTTACG-1","G1"
"CTTCTAGAATTGGC-1","G1"
"CTTCTAGACAAGCT-1","G1"
"CTTCTAGAGCTTAG-1","G1"
"CTTCTAGATCCTCG-1","G2M"
"CTTGAACTGGTGAG-1","G1"
"CTTGAACTTCGATG-1","G1"
"CTTGAACTTTGGTG-1","G1"
"CTTGAGGAGACGTT-1","G1"
"CTTGATTGACGACT-1","S"
"CTTGATTGCTCATT-1","G1"
"CTTGTATGCCGCTT-1","G1"
"CTTGTATGCGAATC-1","G1"
"CTTTACGACGGTAT-1","G1"
"CTTTAGACGTCGTA-1","G1"
"CTTTCAGACACACA-1","G2M"
"CTTTCAGAGAGACG-1","G2M"
"CTTTGATGGGTTCA-1","G2M"
"CTTTGATGGTCTGA-1","G1"
"GAAACAGAAGGAGC-1","G1"
"GAAACAGACATTCT-1","G1"
"GAAACAGAGGATTC-1","G1"
"GAAAGATGGATAGA-1","G1"
"GAAAGATGGGAAGC-1","G1"
"GAAAGATGTGTAGC-1","G1"
"GAAAGCCTAGCCTA-1","G2M"
"GAAAGCCTAGTGCT-1","G1"
"GAAAGCCTCAGGAG-1","S"
"GAAAGCCTCTTGAG-1","G1"
"GAAAGCCTTTCCAT-1","G1"
"GAAAGTGAAGCTCA-1","G1"
"GAAATACTGATGAA-1","S"
"GAAATACTTACTTC-1","G1"
"GAACACACTGCTAG-1","G1"
"GAACAGCTAGCTAC-1","G1"
"GAACAGCTATTCGG-1","G1"
"GAACAGCTGTGTCA-1","G1"
"GAACCAACTGCACA-1","G1"
"GAACCTGACTCCCA-1","G1"
"GAACGGGAGAGACG-1","G2M"
"GAACGGGATTCTGT-1","G1"
"GAACGTTGAGGTTC-1","G1"
"GAACGTTGGTTGTG-1","G2M"
"GAACTGTGTGTTCT-1","G1"
"GAAGAATGCCAACA-1","G1"
"GAAGAATGCCGTAA-1","G1"
"GAAGAATGTGGAGG-1","G1"
"GAAGATGATTCAGG-1","G2M"
"GAAGCGGAGATACC-1","G1"
"GAAGCGGATCGCTC-1","G1"
"GAAGCTACACCTGA-1","G2M"
"GAAGCTACTAACGC-1","G1"
"GAAGCTACTCCGTC-1","G2M"
"GAAGCTTGATCGTG-1","G1"
"GAAGCTTGCCCAAA-1","G1"
"GAAGCTTGTCATTC-1","G2M"
"GAAGGGTGACACAC-1","G1"
"GAAGGGTGTACGAC-1","G1"
"GAAGGTCTCAGATC-1","G1"
"GAAGGTCTTCCCAC-1","G1"
"GAAGGTCTTGTCTT-1","G1"
"GAAGTAGACATCAG-1","G2M"
"GAAGTCTGATTTCC-1","G1"
"GAAGTCTGCGTGTA-1","S"
"GAAGTCTGCTATGG-1","G1"
"GAAGTGCTAGCGTT-1","G1"
"GAATGCACTCGCAA-1","G1"
"GAATGGCTACCACA-1","G1"
"GAATGGCTATAAGG-1","G2M"
"GACAACACATCAGC-1","G1"
"GACAACACATGTGC-1","G2M"
"GACAACACTACTTC-1","G1"
"GACAACTGAAGAAC-1","G1"
"GACAACTGAGAACA-1","S"
"GACACTGAAGCACT-1","G1"
"GACACTGAGTTCAG-1","G2M"
"GACAGTACACCCAA-1","G1"
"GACAGTACGTGCTA-1","G1"
"GACAGTACTACAGC-1","G1"
"GACAGTTGCGTTGA-1","G2M"
"GACAGTTGGCAAGG-1","G1"
"GACAGTTGTGAGCT-1","G2M"
"GACATTCTTCACGA-1","G1"
"GACATTCTTGGCAT-1","G1"
"GACCAAACAGAAGT-1","G1"
"GACCAAACCTAGCA-1","G1"
"GACCATGATGCTTT-1","S"
"GACCCTACTCGTGA-1","G1"
"GACCCTACTGTCGA-1","S"
"GACCCTACTTCTAC-1","G1"
"GACCTAGAAGTACC-1","G1"
"GACCTCACAGAGGC-1","G1"
"GACCTCACCATGAC-1","G1"
"GACCTCTGACGCAT-1","G1"
"GACCTCTGCGAACT-1","G1"
"GACCTCTGGTCGAT-1","G1"
"GACCTCTGGTTGGT-1","G1"
"GACCTCTGTTCTTG-1","G2M"
"GACGAACTGTTGAC-1","G1"
"GACGAACTTTCTGT-1","G2M"
"GACGAACTTTGTCT-1","G1"
"GACGAGGAAGCACT-1","G1"
"GACGAGGACCGAAT-1","G1"
"GACGAGGAGCTCCT-1","G1"
"GACGAGGAGTGCTA-1","G1"
"GACGATTGCCTCGT-1","G1"
"GACGCTCTAGAAGT-1","G1"
"GACGGCACCAGGAG-1","G1"
"GACGTAACATCGTG-1","G1"
"GACGTAACCATCAG-1","S"
"GACGTAACCCTTGC-1","S"
"GACGTAACGCTAAC-1","G1"
"GACGTATGCTGAAC-1","G1"
"GACGTATGTACGCA-1","G1"
"GACGTATGTGAGCT-1","G1"
"GACGTCCTTCTCGC-1","G1"
"GACTACGAATGACC-1","G1"
"GACTACGAGAGGGT-1","G1"
"GACTACGAGTACCA-1","G1"
"GACTACGATAGCGT-1","G1"
"GACTCCTGCTTACT-1","G1"
"GACTCCTGGTCGTA-1","G2M"
"GACTGAACAGTAGA-1","G1"
"GACTGAACCACACA-1","G1"
"GACTGAACTTCCAT-1","G1"
"GACTGATGAATCGC-1","G1"
"GACTGATGACGTTG-1","G1"
"GACTGATGGATAAG-1","G2M"
"GACTGATGTGGTAC-1","G2M"
"GACTGTGAATCACG-1","G1"
"GACTTTACACTCTT-1","G1"
"GACTTTACCTATGG-1","G1"
"GACTTTACGTTAGC-1","G2M"
"GACTTTACTCTCTA-1","G1"
"GAGAAATGACGTTG-1","G1"
"GAGAGGTGATGCCA-1","G2M"
"GAGAGGTGCCCAAA-1","G1"
"GAGATAGAAACTGC-1","G1"
"GAGATCACGCAAGG-1","G1"
"GAGATCACGTACAC-1","G1"
"GAGATCACTACGCA-1","G2M"
"GAGATGCTAAGAGT-1","G1"
"GAGATGCTATCGGT-1","S"
"GAGATGCTCATGAC-1","G1"
"GAGATGCTCCGTAA-1","G1"
"GAGCAACTCGTACA-1","S"
"GAGCAGGAAGGTCT-1","G1"
"GAGCAGGACGTAAC-1","G1"
"GAGCAGGACTGCTC-1","S"
"GAGCAGGATCACCC-1","G1"
"GAGCAGGATTCGTT-1","G1"
"GAGCGAGAGAAACA-1","G1"
"GAGCGAGAGGACGA-1","G1"
"GAGCGAGATCATTC-1","G1"
"GAGCGCTGTTGTCT-1","G1"
"GAGCTCCTCTATGG-1","G1"
"GAGGACGAAGGAGC-1","G1"
"GAGGACGATCTTAC-1","G1"
"GAGGACGATTTGTC-1","G1"
"GAGGCAGAGAACTC-1","G1"
"GAGGCAGAGACGGA-1","G1"
"GAGGCAGATGCCCT-1","S"
"GAGGCCACCGCATA-1","G1"
"GAGGGAACCCCGTT-1","G1"
"GAGGGAACGAAAGT-1","G1"
"GAGGGATGTGTCCC-1","G1"
"GAGGGCCTGTCGAT-1","G1"
"GAGGGCCTTTCTTG-1","G1"
"GAGGGTGATAGCGT-1","G1"
"GAGGTTACACCTTT-1","S"
"GAGGTTACCAGCTA-1","G1"
"GAGGTTACGCCATA-1","G1"
"GAGGTTACTGTCCC-1","G1"
"GAGGTTACTTCTAC-1","G2M"
"GAGGTTTGCCTTAT-1","G1"
"GAGGTTTGGAATGA-1","G1"
"GAGGTTTGGTTTCT-1","G1"
"GAGTAAGACCTTCG-1","G2M"
"GAGTAAGAGAGCAG-1","G1"
"GAGTAAGAGTAAGA-1","G1"
"GAGTACTGCAGAGG-1","G1"
"GAGTACTGGACGAG-1","G1"
"GAGTACTGTGAGGG-1","G1"
"GAGTCAACCGAGAG-1","G1"
"GAGTCAACGAATCC-1","G1"
"GAGTCTGACTGGAT-1","G2M"
"GAGTCTGATAGAGA-1","G2M"
"GAGTGACTAGATCC-1","G1"
"GAGTGACTGTAGCT-1","G1"
"GAGTGACTTGCACA-1","G1"
"GAGTGGGAAGGAGC-1","G1"
"GAGTGTTGCTTCTA-1","G2M"
"GAGTGTTGGTATCG-1","G1"
"GAGTGTTGGTGCAT-1","G1"
"GAGTTGTGACTGTG-1","G1"
"GAGTTGTGCTACCC-1","G1"
"GATAAGGACCAATG-1","G1"
"GATAAGGACTCAAG-1","G1"
"GATAATACAAGAAC-1","G1"
"GATAATACAGAACA-1","G1"
"GATAATACCTATGG-1","G1"
"GATAGAGAGTCGTA-1","G1"
"GATATAACTTCCCG-1","G1"
"GATATATGCGCAAT-1","G1"
"GATATATGGAGACG-1","G1"
"GATATCCTCCTCAC-1","G2M"
"GATATCCTCGACTA-1","G1"
"GATATCCTGTAGGG-1","G2M"
"GATATCCTGTCTTT-1","G1"
"GATATTGACTCTTA-1","G1"
"GATATTGAGGGTGA-1","S"
"GATCATCTACACGT-1","G1"
"GATCATCTAGCTAC-1","G1"
"GATCATCTAGTGTC-1","G1"
"GATCATCTGGTAAA-1","G1"
"GATCCCTGCGCAAT-1","G2M"
"GATCCGCTGCATAC-1","G1"
"GATCCGCTGTTGTG-1","G1"
"GATCCGCTTTCATC-1","G1"
"GATCGAACGCGATT-1","S"
"GATCGAACTCAGGT-1","G1"
"GATCGAACTGCAAC-1","G1"
"GATCGATGAAGCCT-1","S"
"GATCGATGCAGATC-1","G1"
"GATCGATGTAGACC-1","G2M"
"GATCGTGAATCAGC-1","G1"
"GATCGTGACAGTCA-1","S"
"GATCGTGAGGTAAA-1","G1"
"GATCTACTAGTTCG-1","G1"
"GATCTACTCTTGTT-1","G1"
"GATCTACTTTCTTG-1","G2M"
"GATCTTACCAATCG-1","G1"
"GATCTTACCACCAA-1","G1"
"GATCTTACCACTTT-1","G1"
"GATCTTACCTGGAT-1","G1"
"GATCTTACTCCTAT-1","G1"
"GATGACACAGGCGA-1","G1"
"GATGACACGCAAGG-1","G1"
"GATGACACTGACCA-1","G1"
"GATGCAACCATGCA-1","G1"
"GATGCATGCAGCTA-1","G1"
"GATGCATGCCTTTA-1","G1"
"GATGCATGGATACC-1","G1"
"GATGCCCTAGCAAA-1","G1"
"GATGCCCTAGTCGT-1","G2M"
"GATGCCCTTACAGC-1","G2M"
"GATTACCTCTTCCG-1","G1"
"GATTCGGAAAGTAG-1","G1"
"GATTCGGAGTCATG-1","G1"
"GATTCGGATCTCTA-1","G1"
"GATTCTACCGCCTT-1","G1"
"GATTCTTGCCAATG-1","G1"
"GATTGGACGGTCTA-1","G1"
"GATTGGACTCACCC-1","G1"
"GATTGGTGTGGAAA-1","G1"
"GATTTAGACAGAAA-1","G1"
"GATTTAGACTCAGA-1","G1"
"GATTTAGAGGAGCA-1","G1"
"GATTTGCTTCTGGA-1","S"
"GCAAACTGCATCAG-1","G1"
"GCAACTGAACCGAT-1","G1"
"GCAACTGAAGAATG-1","G2M"
"GCAACTGACCCGTT-1","G2M"
"GCAACTGAGGTGTT-1","G1"
"GCAATTCTTCTACT-1","G1"
"GCAATTCTTGACTG-1","G2M"
"GCAATTCTTTACCT-1","G1"
"GCAATTCTTTTCAC-1","G2M"
"GCACAAACAAGTAG-1","G1"
"GCACAATGACACTG-1","G2M"
"GCACAATGTACAGC-1","G1"
"GCACAATGTCCCGT-1","G2M"
"GCACACCTCATGAC-1","G2M"
"GCACACCTCCACCT-1","G1"
"GCACACCTGCAAGG-1","G1"
"GCACACCTTGACCA-1","G1"
"GCACCACTCTTCGC-1","G1"
"GCACCACTTACAGC-1","G2M"
"GCACCACTTCTACT-1","G1"
"GCACGGACAAGAAC-1","G1"
"GCACGGTGAGAACA-1","G1"
"GCACGGTGCCGATA-1","G1"
"GCACGGTGCTATTC-1","G2M"
"GCACGGTGGGTGTT-1","G1"
"GCACGGTGTTTGCT-1","G1"
"GCACGTCTTGCTAG-1","G1"
"GCACGTCTTTCTCA-1","G2M"
"GCACTAGAGAGCTT-1","G1"
"GCACTAGAGGTAAA-1","S"
"GCACTAGATCTCGC-1","G2M"
"GCACTGCTCCACAA-1","G1"
"GCACTGCTCTTCTA-1","G1"
"GCACTGCTGGGCAA-1","G1"
"GCACTGCTTCTTTG-1","G1"
"GCAGATACCCTCAC-1","G1"
"GCAGATACCCTTGC-1","G2M"
"GCAGATACGTTGGT-1","G1"
"GCAGCCGAGACGTT-1","S"
"GCAGCCGAGGTATC-1","G2M"
"GCAGCCGAGTCAAC-1","G1"
"GCAGCGTGCAACTG-1","G1"
"GCAGCGTGCCATGA-1","G1"
"GCAGCGTGCTTACT-1","G1"
"GCAGCGTGGGAGTG-1","G1"
"GCAGCGTGGTATGC-1","G1"
"GCAGCGTGTATGGC-1","G1"
"GCAGCGTGTCCTCG-1","G1"
"GCAGCGTGTGAAGA-1","G2M"
"GCAGCTCTGTGTTG-1","G1"
"GCAGCTCTTTGTGG-1","G2M"
"GCAGGCACAGGTCT-1","G2M"
"GCAGGCACCGACTA-1","G1"
"GCAGGCACGTCTGA-1","G1"
"GCAGGCACTACGAC-1","G1"
"GCAGGGCTACGACT-1","G1"
"GCAGGGCTTCGCTC-1","S"
"GCAGTTGAAGAGTA-1","G1"
"GCAGTTGAGCGTTA-1","G1"
"GCAGTTGATTGAGC-1","G1"
"GCATGTGAATAAGG-1","G1"
"GCATTGGAACCATG-1","G1"
"GCATTGGATACTCT-1","G1"
"GCCAAATGAACAGA-1","G1"
"GCCAACCTAGCGTT-1","G2M"
"GCCAACCTATCGAC-1","G1"
"GCCAACCTCTAAGC-1","G1"
"GCCACGGATCGTGA-1","G1"
"GCCACTACACGACT-1","G1"
"GCCACTACCACTAG-1","G1"
"GCCACTACTCACGA-1","G1"
"GCCCAACTGATACC-1","G1"
"GCCCATACACGGTT-1","G1"
"GCCGACGAACTACG-1","G1"
"GCCGACGACGTTAG-1","G1"
"GCCGACGAGGAGCA-1","G2M"
"GCCGACGAGTAGCT-1","G1"
"GCCGACGATTCACT-1","S"
"GCCGAGTGAGGAGC-1","G1"
"GCCGAGTGCAACTG-1","S"
"GCCGAGTGCAGAGG-1","S"
"GCCGGAACATCAGC-1","G1"
"GCCGGAACTCTCCG-1","G1"
"GCCGGAACTGTAGC-1","G1"
"GCCGTACTAACCGT-1","G1"
"GCCGTACTAGAATG-1","G1"
"GCCGTACTGCGGAA-1","G2M"
"GCCTACACCTTCGC-1","G1"
"GCCTACACGGCGAA-1","G1"
"GCCTAGCTACGGTT-1","S"
"GCCTCAACAGCACT-1","G1"
"GCCTCATGGTGCTA-1","G1"
"GCCTGACTGCTCCT-1","G2M"
"GCCTGACTGGAACG-1","G1"
"GCCTGACTTTCACT-1","G2M"
"GCGACTCTACAGCT-1","G1"
"GCGACTCTGGTTCA-1","G1"
"GCGAGAGAAAACAG-1","G1"
"GCGAGCACATCACG-1","G1"
"GCGAGCACGTCGTA-1","G1"
"GCGATATGACCGAT-1","G1"
"GCGATATGCCCTTG-1","G1"
"GCGATATGTTCTAC-1","G1"
"GCGCACGAGGCATT-1","G1"
"GCGCACGATCACGA-1","S"
"GCGCACGATCGTAG-1","G1"
"GCGCACGATCTTTG-1","G1"
"GCGCGAACCTTAGG-1","G1"
"GCGCGATGGAACCT-1","G1"
"GCGCGATGTTCCGC-1","G2M"
"GCGGACTGAGAACA-1","G1"
"GCGGCAACGGTGTT-1","G1"
"GCGGGACTCTAGCA-1","G1"
"GCGGGACTCTGCAA-1","G1"
"GCGTAAACCAGCTA-1","G1"
"GCGTAAACCCCTCA-1","G1"
"GCGTAAACGACGAG-1","S"
"GCGTAAACTTAGGC-1","G1"
"GCGTAATGACGGGA-1","G1"
"GCGTAATGTAGAAG-1","G1"
"GCGTAATGTTCAGG-1","G1"
"GCGTAATGTTGACG-1","G1"
"GCGTACCTCTCCAC-1","G1"
"GCGTATGACATTCT-1","G1"
"GCGTATGACGTAAC-1","G1"
"GCTACAGAGTGCAT-1","G1"
"GCTACCTGGAGAGC-1","G1"
"GCTACGCTACAGTC-1","G2M"
"GCTACGCTAGTTCG-1","G2M"
"GCTACGCTCGATAC-1","G1"
"GCTACGCTGTGCAT-1","S"
"GCTACGCTTCGACA-1","S"
"GCTAGAACCCACCT-1","G1"
"GCTAGAACCGTTGA-1","G1"
"GCTAGATGATGGTC-1","G1"
"GCTCAAGACGTTGA-1","G1"
"GCTCAAGATCCTGC-1","G1"
"GCTCACTGCCCGTT-1","S"
"GCTCAGCTACCATG-1","G1"
"GCTCAGCTACCCTC-1","G1"
"GCTCAGCTGGTTCA-1","G1"
"GCTCCATGCACAAC-1","S"
"GCTCCATGCCAACA-1","G1"
"GCTCCATGGCAAGG-1","G1"
"GCTCCATGTGGTGT-1","G1"
"GCTCGACTCTGCTC-1","G1"
"GCTCGACTGTTGCA-1","G1"
"GCTGATGACGTAGT-1","G2M"
"GCTGATGAGTGAGG-1","G1"
"GGAACACTAGAACA-1","G1"
"GGAACACTATCACG-1","G1"
"GGAACTACAAAAGC-1","G1"
"GGAACTTGGGTTAC-1","G1"
"GGAAGGACAGTCGT-1","G1"
"GGAAGGACGTGTAC-1","G1"
"GGAAGGTGACGGTT-1","G1"
"GGAAGGTGACTGTG-1","G1"
"GGAAGGTGGTCTAG-1","G2M"
"GGAATCTGGCTGAT-1","G1"
"GGAATGCTGACAAA-1","G1"
"GGAATGCTTGTGAC-1","G1"
"GGAATGCTTTACTC-1","G2M"
"GGACAACTAGCATC-1","G1"
"GGACAACTCGCAAT-1","G1"
"GGACAACTCGGGAA-1","G1"
"GGACAGGAGTGTAC-1","G1"
"GGACATTGACGTTG-1","G1"
"GGACATTGCTTATC-1","G1"
"GGACATTGGAACTC-1","G2M"
"GGACATTGGCATCA-1","G1"
"GGACCCGAACACGT-1","G1"
"GGACCGTGTTGAGC-1","G1"
"GGACCTCTCTCAGA-1","G1"
"GGACGAGAAACGGG-1","G1"
"GGACGAGATGGATC-1","G1"
"GGACGCTGTCGTGA-1","G1"
"GGACTATGCCAATG-1","G1"
"GGACTATGCCACCT-1","G1"
"GGAGAGACATGCCA-1","G1"
"GGAGAGACTTTGCT-1","G1"
"GGAGCCACCTGAGT-1","G1"
"GGAGCCACGAATCC-1","G1"
"GGAGCGCTCTACCC-1","S"
"GGAGCGCTTCGCTC-1","G1"
"GGAGGATGGGCATT-1","S"
"GGAGGATGTGGAAA-1","G2M"
"GGAGGCCTCACTAG-1","G1"
"GGAGGCCTTTACCT-1","G1"
"GGAGGTGAGTCACA-1","G1"
"GGAGGTGATCGTTT-1","S"
"GGAGTTACGCATCA-1","G1"
"GGAGTTACTGGTAC-1","G1"
"GGAGTTTGCCTAAG-1","G1"
"GGAGTTTGGCATCA-1","G1"
"GGAGTTTGGGTACT-1","G1"
"GGAGTTTGTAAAGG-1","G1"
"GGATACTGCCTGTC-1","G1"
"GGATAGCTCAACTG-1","G1"
"GGATAGCTCTTGAG-1","G1"
"GGATAGCTGAGCAG-1","G1"
"GGATAGCTGAGGCA-1","G1"
"GGATGTACATCAGC-1","G1"
"GGATGTTGACACTG-1","G1"
"GGATTGTGAAAAGC-1","G2M"
"GGATTGTGAAAGTG-1","G2M"
"GGATTGTGTCCTGC-1","G2M"
"GGATTTCTCCTCGT-1","G1"
"GGCAAGGAGGGTGA-1","G1"
"GGCAAGGATTCACT-1","G1"
"GGCAATACCCGAAT-1","G1"
"GGCACGTGCACTGA-1","G2M"
"GGCACTCTACGCTA-1","G1"
"GGCACTCTCGGGAA-1","S"
"GGCACTCTCTCCAC-1","G1"
"GGCATATGCACTAG-1","G1"
"GGCATATGCTGGAT-1","G1"
"GGCATATGGTCGAT-1","G1"
"GGCATATGTTCTTG-1","G2M"
"GGCCACGAAGTGTC-1","G1"
"GGCCAGACCACTGA-1","G1"
"GGCCAGACCCGTTC-1","G1"
"GGCCCAGAGGCATT-1","G1"
"GGCCGAACAACCTG-1","S"
"GGCCGAACGGTTCA-1","G1"
"GGCCGAACTCCTTA-1","G1"
"GGCCGATGACCAGT-1","G1"
"GGCCGATGCCAAGT-1","G1"
"GGCCGATGCGTGAT-1","G1"
"GGCCGATGGCTAAC-1","G1"
"GGCCGATGTACGCA-1","G1"
"GGCCGATGTCAGAC-1","G1"
"GGCGACACGATAAG-1","G1"
"GGCGACACTATTCC-1","G1"
"GGCGACTGACAGCT-1","S"
"GGCGACTGCAGATC-1","G1"
"GGCGCATGCAGGAG-1","G2M"
"GGCGCATGCGAATC-1","G1"
"GGCGGACTCATGAC-1","G1"
"GGCGGACTTTGAGC-1","G1"
"GGCTAAACAGAACA-1","G1"
"GGCTAAACGACGGA-1","G1"
"GGCTAAACTTCACT-1","G2M"
"GGCTAATGACCACA-1","S"
"GGCTAATGTGTCGA-1","G1"
"GGCTAATGTTGTCT-1","G1"
"GGCTACCTAAGAGT-1","G1"
"GGCTACCTCGAGAG-1","S"
"GGCTACCTCTTGGA-1","G1"
"GGGAACGACTTCTA-1","G1"
"GGGAACGAGGTACT-1","G1"
"GGGAACGATTGGTG-1","G1"
"GGGAAGACACGTGT-1","G1"
"GGGAAGACCCTAAG-1","G1"
"GGGAAGACTGACTG-1","G1"
"GGGAAGACTTGGCA-1","G1"
"GGGAAGTGAGACTC-1","G1"
"GGGAAGTGCAGTCA-1","G1"
"GGGAAGTGGTCTAG-1","G1"
"GGGAAGTGTAGAGA-1","G1"
"GGGAAGTGTCCAAG-1","G1"
"GGGAAGTGTTGACG-1","G1"
"GGGACCACACTAGC-1","G1"
"GGGACCACATCGAC-1","G1"
"GGGACCACTATGGC-1","G1"
"GGGACCTGATCACG-1","G1"
"GGGACCTGTTTACC-1","G1"
"GGGATGGAGTGCAT-1","G1"
"GGGATGGATGGTGT-1","G1"
"GGGATTACGTTAGC-1","G1"
"GGGATTACTGCACA-1","G1"
"GGGCAAGAACCCAA-1","G1"
"GGGCAAGAGTCACA-1","S"
"GGGCAAGATGTGCA-1","G1"
"GGGCAAGATTCATC-1","G1"
"GGGCACACACTAGC-1","G1"
"GGGCACACTCAGGT-1","G1"
"GGGCAGCTCCCTAC-1","G1"
"GGGCAGCTGTTTGG-1","G1"
"GGGCAGCTTACGCA-1","G1"
"GGGCAGCTTTTGCT-1","G2M"
"GGGCCAACGTTGTG-1","G1"
"GGGCCATGCCAGTA-1","G1"
"GGGCCATGCCTAAG-1","G1"
"GGGCCATGCTCAGA-1","G1"
"GGGTAACTACGCAT-1","G1"
"GGGTAACTCGCATA-1","G2M"
"GGGTTAACAGCATC-1","G1"
"GGGTTAACCCTCAC-1","G1"
"GGGTTATGGACGAG-1","G1"
"GGGTTATGGTGCAT-1","G1"
"GGGTTATGTGCCCT-1","G2M"
"GGTAAAGATGCTCC-1","G1"
"GGTAAAGATTCCAT-1","G2M"
"GGTACAACATACCG-1","S"
"GGTACAACCCACAA-1","G1"
"GGTACATGCATACG-1","G1"
"GGTACATGGTCTAG-1","G1"
"GGTACTGACTGAAC-1","G1"
"GGTACTGACTGTCC-1","G1"
"GGTACTGAGAGGGT-1","G2M"
"GGTAGTACACGGTT-1","G2M"
"GGTAGTACCACTAG-1","G2M"
"GGTATCGAGAGGAC-1","G1"
"GGTATCGAGTACCA-1","G1"
"GGTCAAACAGCTCA-1","S"
"GGTCAAACCAAAGA-1","G1"
"GGTCAAACGAGCAG-1","G1"
"GGTCAAACTGGTAC-1","S"
"GGTCTAGACACACA-1","G1"
"GGTCTAGAGTGCTA-1","G1"
"GGTCTAGATAGTCG-1","S"
"GGTCTAGATCCAGA-1","G2M"
"GGTGATACCTCTAT-1","G1"
"GGTGGAGAGGTGAG-1","G1"
"GGTGGAGATCGATG-1","G1"
"GGTGGAGATGCCTC-1","G1"
"GGTGGAGATTGGTG-1","G1"
"GGTTGAACCATACG-1","S"
"GGTTGAACCCACAA-1","G1"
"GGTTGAACGTATCG-1","G1"
"GGTTGAACTTACTC-1","S"
"GGTTTACTACCAGT-1","G1"
"GGTTTACTTCCTTA-1","G1"
"GTAACGTGTTCTGT-1","G2M"
"GTAAGCACACGTGT-1","G1"
"GTAAGCACGACGAG-1","S"
"GTAAGCTGTTCCGC-1","G1"
"GTAATAACCAATCG-1","G1"
"GTAATATGACGGAG-1","G2M"
"GTAATATGCTGCTC-1","G2M"
"GTAATATGTGCGTA-1","G1"
"GTAATATGTGTGCA-1","G2M"
"GTACAGTGTACTGG-1","S"
"GTACCCTGAACGAA-1","G1"
"GTACCCTGATGCTG-1","G1"
"GTACCCTGCGCTAA-1","G1"
"GTACCCTGGCTAAC-1","G1"
"GTACGAACCCTACC-1","G1"
"GTACGTGAATTGGC-1","G1"
"GTACGTGATACGAC-1","G1"
"GTACTACTAGACTC-1","G1"
"GTACTACTAGAGTA-1","G2M"
"GTACTACTCTGTTT-1","G1"
"GTACTACTGAATCC-1","G1"
"GTACTTTGCGTAAC-1","G1"
"GTAGACTGCCTTAT-1","G1"
"GTAGACTGGGTTAC-1","G1"
"GTAGACTGTTCATC-1","G1"
"GTAGCAACATAAGG-1","S"
"GTAGCAACGTCAAC-1","G1"
"GTAGCATGGTTGAC-1","G1"
"GTAGCATGTTCCGC-1","G1"
"GTAGCCCTAGAGTA-1","G1"
"GTAGCCCTCAACCA-1","G1"
"GTAGCTGAAAAGCA-1","G2M"
"GTAGCTGATGAGCT-1","S"
"GTAGGTACCACAAC-1","G1"
"GTAGGTACGGTTTG-1","G1"
"GTAGGTACTCTATC-1","G1"
"GTAGTCGAAGGGTG-1","S"
"GTAGTGACAGAACA-1","G1"
"GTAGTGACCATACG-1","G1"
"GTATCTACAAGTAG-1","G1"
"GTATCTACGTTGGT-1","G1"
"GTATCTACTCCCAC-1","S"
"GTATTCACGGTAAA-1","G1"
"GTCAACGACCACAA-1","G1"
"GTCAACGAGCCAAT-1","G1"
"GTCAATCTCAGTCA-1","G1"
"GTCAATCTGCAGAG-1","G1"
"GTCAATCTGCTAAC-1","G1"
"GTCACAGACTTGAG-1","G2M"
"GTCACCTGACGGAG-1","G1"
"GTCACCTGGTCCTC-1","G1"
"GTCACCTGTCACCC-1","G1"
"GTCACCTGTCCTAT-1","G1"
"GTCACCTGTGTGGT-1","G2M"
"GTCATACTCACTGA-1","S"
"GTCATACTCATGCA-1","G1"
"GTCATACTCTGTGA-1","G1"
"GTCATACTGATGAA-1","S"
"GTCATACTTTCAGG-1","S"
"GTCCAAGAGAGACG-1","G1"
"GTCCAAGATCTTCA-1","G1"
"GTCCAAGATTTGGG-1","G1"
"GTCCACACGAAAGT-1","G2M"
"GTCCACTGGCTTAG-1","G1"
"GTCCAGCTACTTTC-1","G1"
"GTCCAGCTCAAAGA-1","G1"
"GTCCAGCTTTCGCC-1","G1"
"GTCGAATGTCCAGA-1","G1"
"GTCGACCTGACAAA-1","G1"
"GTCGACCTTACTCT-1","G1"
"GTCTAACTCCTTCG-1","G1"
"GTCTAACTTTGGCA-1","G1"
"GTCTAGGACTTAGG-1","G1"
"GTCTAGGATTGTGG-1","G1"
"GTCTGAGATTTCTG-1","G1"
"GTGAACACCGAGTT-1","G1"
"GTGAACACGCTGAT-1","S"
"GTGACAACCAGTTG-1","G1"
"GTGACAACCGTGTA-1","G1"
"GTGACAACGCCCTT-1","G2M"
"GTGACAACTCTTCA-1","G1"
"GTGACCCTATCTTC-1","G1"
"GTGACCCTCGGGAA-1","G1"
"GTGACCCTTGAAGA-1","G1"
"GTGATCGATAGACC-1","G1"
"GTGATGACTCCCAC-1","S"
"GTGATTCTAAACGA-1","G1"
"GTGATTCTCTCTCG-1","G1"
"GTGATTCTCTGAGT-1","G2M"
"GTGCAAACCTAGCA-1","G1"
"GTGCAAACTGGTCA-1","G1"
"GTGCCACTCGTAGT-1","S"
"GTGCTAGAACTCAG-1","G2M"
"GTGGAGGAACGTTG-1","G2M"
"GTGGAGGACGCATA-1","G1"
"GTGGAGGATGCGTA-1","G2M"
"GTGGTAACTGAAGA-1","G1"
"GTGTACGAGACTAC-1","G1"
"GTGTACGAGCTTCC-1","G1"
"GTGTACGATCTCCG-1","G1"
"GTGTAGTGAGAAGT-1","G1"
"GTGTAGTGGCAAGG-1","S"
"GTGTATCTCATCAG-1","G2M"
"GTGTATCTCTACTT-1","G1"
"GTGTATCTCTCGCT-1","G1"
"GTGTGATGCGATAC-1","G1"
"GTGTGATGCTATGG-1","G1"
"GTTAAAACAAACGA-1","G1"
"GTTAAAACGAATGA-1","S"
"GTTAAAACTCCTAT-1","G1"
"GTTACGGACTCATT-1","G1"
"GTTACTACAGCTCA-1","G1"
"GTTACTACTAAGGA-1","G1"
"GTTACTACTGTAGC-1","G1"
"GTTAGGTGATTCTC-1","G1"
"GTTAGGTGTGCTCC-1","G1"
"GTTAGTCTCTCCCA-1","G1"
"GTTAGTCTTCATTC-1","G1"
"GTTATAGAACAGTC-1","G1"
"GTTATAGAATGGTC-1","G2M"
"GTTATAGACCCAAA-1","G1"
"GTTATAGATGCAAC-1","G1"
"GTTATGCTCATGCA-1","G1"
"GTTCAACTGACAGG-1","G1"
"GTTCAACTTGGTGT-1","G1"
"GTTCAGGAATCGTG-1","G1"
"GTTCAGGATCAAGC-1","S"
"GTTCATACAGATCC-1","G1"
"GTTCATACCCATGA-1","G1"
"GTTCATACTACAGC-1","G1"
"GTTGACGAAATCGC-1","S"
"GTTGACGAGAGGGT-1","G1"
"GTTGACGATCCCGT-1","G1"
"GTTGATCTCGCTAA-1","G1"
"GTTGATCTGGGAGT-1","G1"
"GTTGATCTTAAAGG-1","G1"
"GTTGGATGCACTTT-1","G1"
"GTTGGATGGCCAAT-1","G2M"
"GTTGGATGTAAGCC-1","G1"
"GTTGTACTTTTGCT-1","G1"
"TAAACAACCGGAGA-1","G1"
"TAAACAACCTCGAA-1","G1"
"TAAACAACCTTAGG-1","G1"
"TAAAGACTCTTTAC-1","G1"
"TAAAGTTGAGTCTG-1","S"
"TAAAGTTGGTATGC-1","G2M"
"TAAAGTTGTGTCAG-1","G1"
"TAAATCGACGAGAG-1","G1"
"TAAATCGAGCGAGA-1","G1"
"TAAATCGAGTATCG-1","G1"
"TAAATGTGCCCACT-1","G1"
"TAACAATGCCGCTT-1","G1"
"TAACATGAGTTCAG-1","G1"
"TAACCGGAAGAGTA-1","G1"
"TAACCGGACTAAGC-1","G2M"
"TAACCGGATGCTTT-1","G1"
"TAACCGGATTCATC-1","S"
"TAACGTCTACGTTG-1","G1"
"TAACGTCTCTCCCA-1","G1"
"TAACGTCTGCATCA-1","G1"
"TAACGTCTTCTATC-1","G1"
"TAACTAGATTTGCT-1","G2M"
"TAACTCACCCTCAC-1","G1"
"TAACTCACGCAGTT-1","G1"
"TAAGAACTGAAAGT-1","G1"
"TAAGAGGAGGATTC-1","G1"
"TAAGATACCTCATT-1","G2M"
"TAAGATTGCGCCTT-1","G1"
"TAAGATTGCTAAGC-1","G1"
"TAAGATTGGGGTGA-1","G2M"
"TAAGATTGTCGTGA-1","G1"
"TAAGATTGTGCAGT-1","G1"
"TAAGCTCTAGAACA-1","G1"
"TAAGGCTGGGTACT-1","G1"
"TAAGGGCTGAGCTT-1","G1"
"TAAGGGCTTTCTGT-1","G1"
"TAAGTAACTCGACA-1","G2M"
"TAAGTAACTCGCTC-1","G1"
"TAAGTCCTTTCTGT-1","G1"
"TAATCCACGAATCC-1","G1"
"TAATCGCTTCACCC-1","G1"
"TAATGAACAGTGCT-1","G1"
"TAATGAACCGTTGA-1","G1"
"TAATGATGAGGGTG-1","G1"
"TAATGCCTGTACGT-1","G1"
"TAATGTGACTATTC-1","G1"
"TAATGTGAGGAGTG-1","G1"
"TACAAATGGCATAC-1","G1"
"TACAAATGGTAGCT-1","G1"
"TACAAATGTGGTCA-1","G1"
"TACAATGAAGGAGC-1","G1"
"TACAATGAGGAAGC-1","G1"
"TACAATGATCCTTA-1","G2M"
"TACAATGATTCATC-1","G1"
"TACACACTATGGTC-1","G2M"
"TACACACTCCGAAT-1","G1"
"TACACACTTAGCGT-1","G1"
"TACATAGACCGTAA-1","G1"
"TACATCACCCCTTG-1","G1"
"TACATCACGTGAGG-1","G1"
"TACATCACTCTGGA-1","G1"
"TACCATTGCTTAGG-1","G1"
"TACCATTGTGCGTA-1","G1"
"TACCGAGAACGCAT-1","S"
"TACCGAGAAGATGA-1","S"
"TACCGAGACTCTTA-1","G1"
"TACCGAGATTCATC-1","G1"
"TACGACGATACTCT-1","G2M"
"TACGAGACAACCTG-1","G1"
"TACGAGACAGTACC-1","G1"
"TACGAGACTTTGCT-1","G1"
"TACGAGTGGCTATG-1","G1"
"TACGCCACCAAAGA-1","G1"
"TACGCCACCCGCTT-1","G1"
"TACGCCACCGTACA-1","G1"
"TACGCCACTTGGTG-1","G1"
"TACGGAACACCTAG-1","G2M"
"TACGGAACAGGGTG-1","G1"
"TACGGAACGGAGGT-1","G2M"
"TACGGCCTCTGGAT-1","G1"
"TACGTACTCACTAG-1","G2M"
"TACGTTACTAGAGA-1","G1"
"TACTAAGACACACA-1","G1"
"TACTAAGATGCAGT-1","G1"
"TACTACACCTGTCC-1","G2M"
"TACTACACGTAAGA-1","G1"
"TACTACTGCCAGTA-1","G1"
"TACTACTGCTGCTC-1","G1"
"TACTACTGGACTAC-1","G1"
"TACTACTGTGCTAG-1","G1"
"TACTCAACGTCAAC-1","S"
"TACTCAACTAAGGA-1","G2M"
"TACTCAACTGACAC-1","S"
"TACTCAACTTGCAG-1","G1"
"TACTCCCTAGATGA-1","G1"
"TACTGGGAGTCTTT-1","S"
"TACTGGGATCGTGA-1","G2M"
"TACTGGGATGAGGG-1","G1"
"TACTGGGATTCACT-1","G1"
"TACTGTTGTTCGTT-1","G1"
"TACTGTTGTTTGGG-1","G1"
"TACTTGACAGAATG-1","G1"
"TACTTGACCCGTTC-1","G1"
"TACTTGACGTCCTC-1","G1"
"TACTTGACTCGATG-1","G1"
"TACTTTCTGAAAGT-1","G1"
"TAGAAACTAGTAGA-1","G1"
"TAGAAACTCAGAGG-1","G1"
"TAGAATACAGATCC-1","G1"
"TAGAATTGATCGAC-1","G1"
"TAGACGTGAGCCAT-1","G1"
"TAGACGTGTAGACC-1","G1"
"TAGAGAGACCGATA-1","G1"
"TAGAGAGACCTTCG-1","G2M"
"TAGAGCACACGGTT-1","G1"
"TAGAGCACCCTCCA-1","G1"
"TAGATCCTGACGAG-1","G1"
"TAGATCCTGCGTTA-1","G1"
"TAGATCCTGTCCTC-1","G1"
"TAGATCCTTTTGTC-1","G1"
"TAGATTGAACAGCT-1","G1"
"TAGATTGATCTATC-1","G1"
"TAGATTGATTGCGA-1","G1"
"TAGCATCTCAGCTA-1","G1"
"TAGCATCTCGTCTC-1","S"
"TAGCCCACGGTGTT-1","G1"
"TAGCCCTGCCGAAT-1","G1"
"TAGCGATGGGTGGA-1","G1"
"TAGCTACTGAGCAG-1","G2M"
"TAGCTACTGAGGTG-1","G1"
"TAGGACTGGACAAA-1","G1"
"TAGGACTGGGGACA-1","G1"
"TAGGACTGTCCTCG-1","G1"
"TAGGAGCTATGCTG-1","S"
"TAGGAGCTCACTAG-1","G2M"
"TAGGCAACAGATGA-1","G1"
"TAGGCATGGAATGA-1","G2M"
"TAGGCATGTCCCAC-1","S"
"TAGGCATGTGCACA-1","G1"
"TAGGCATGTTATCC-1","G2M"
"TAGGCTGACTTCTA-1","G1"
"TAGGCTGAGTGCTA-1","G1"
"TAGGTCGAGACAGG-1","G1"
"TAGGTGACATGTGC-1","G1"
"TAGGTGACCCTTGC-1","S"
"TAGGTGACCTCATT-1","G1"
"TAGGTGACGTCCTC-1","G1"
"TAGGTGACTGGTTG-1","G2M"
"TAGGTGACTTAGGC-1","G1"
"TAGGTTCTGACGGA-1","G2M"
"TAGTAAACCTCAAG-1","G1"
"TAGTAAACTAGCCA-1","G2M"
"TAGTAAACTGCCCT-1","G1"
"TAGTATGAACTACG-1","G1"
"TAGTATGACGTGAT-1","G1"
"TAGTCGGACTTGTT-1","S"
"TAGTCGGAGGACAG-1","G1"
"TAGTCGGATCACGA-1","G1"
"TAGTCTTGAGGGTG-1","S"
"TAGTCTTGGGCGAA-1","G1"
"TAGTCTTGTGGTGT-1","G1"
"TAGTGGTGTCTAGG-1","G1"
"TAGTGGTGTTCCAT-1","G1"
"TAGTTAGATGCTAG-1","G2M"
"TAGTTAGATGTTCT-1","G2M"
"TAGTTCACATGGTC-1","G1"
"TAGTTCACGGCGAA-1","S"
"TAGTTCACTGACTG-1","G2M"
"TAGTTCACTTCGTT-1","G1"
"TAGTTGCTAAAAGC-1","G1"
"TAGTTGCTGTAAAG-1","G1"
"TATAAGACCGTACA-1","G1"
"TATAAGACGTTAGC-1","G1"
"TATAAGACTGCATG-1","G1"
"TATAAGTGAATGCC-1","G1"
"TATAAGTGCGTGAT-1","G1"
"TATAAGTGGAATGA-1","G1"
"TATAAGTGGGATTC-1","G1"
"TATAAGTGTGGTAC-1","G1"
"TATACAGAAAGCCT-1","G1"
"TATACAGAGTTACG-1","G1"
"TATACAGATCACGA-1","G1"
"TATACGCTACAGCT-1","G1"
"TATACGCTGCAGTT-1","G2M"
"TATACGCTTCAGAC-1","S"
"TATAGATGAAGGCG-1","S"
"TATAGCCTATAAGG-1","G1"
"TATCACTGTATGGC-1","G1"
"TATCAGCTGCATAC-1","G2M"
"TATCAGCTGTTCGA-1","G1"
"TATCAGCTTTCAGG-1","G1"
"TATCCTGAACGTTG-1","G1"
"TATCCTGACACTGA-1","G1"
"TATCGACTTGTGGT-1","G1"
"TATCGTACTCAGAC-1","G1"
"TATCGTACTCCTCG-1","G2M"
"TATCGTACTGGTGT-1","G1"
"TATCTGACCCATGA-1","G1"
"TATCTGACCTAGAC-1","G1"
"TATCTGACGGAGGT-1","G1"
"TATCTGACGGGAGT-1","G1"
"TATCTTCTCCACAA-1","G2M"
"TATCTTCTCTCTCG-1","G1"
"TATGAATGGAAAGT-1","S"
"TATGGGACCATTCT-1","G2M"
"TATGGGACGGCGAA-1","G1"
"TATGGGACGGGAGT-1","G1"
"TATGGGTGAAACAG-1","G1"
"TATGGTCTAACCAC-1","G1"
"TATGGTCTGTATCG-1","G1"
"TATGTCACCCGAAT-1","G1"
"TATGTCACCTCTCG-1","G2M"
"TATGTCACGAACCT-1","G1"
"TATGTCTGCCAAGT-1","G2M"
"TATGTCTGTAAGGA-1","G2M"
"TATGTCTGTATTCC-1","S"
"TATGTCTGTGAGAA-1","S"
"TATGTGCTCCAGTA-1","G1"
"TATGTGCTCTTGTT-1","G2M"
"TATGTGCTTCCAGA-1","G1"
"TATGTGCTTGACCA-1","G1"
"TATTGCTGTCCCAC-1","G2M"
"TATTTCCTTGCTCC-1","G1"
"TCAACACTACGTAC-1","S"
"TCAAGGACAGGAGC-1","G1"
"TCAAGGACCCTCAC-1","G1"
"TCAAGGACGAAGGC-1","G1"
"TCAAGGACGACGGA-1","G1"
"TCAAGGACTCCTGC-1","G1"
"TCAAGGTGCTTAGG-1","G1"
"TCAAGGTGTGAGCT-1","G1"
"TCAAGTCTAACAGA-1","G1"
"TCAAGTCTGTGCTA-1","G1"
"TCAAGTCTTCGACA-1","G2M"
"TCAATAGACTGGAT-1","S"
"TCAATAGAGTTTCT-1","G1"
"TCACAACTCTTAGG-1","S"
"TCACATACAACGAA-1","S"
"TCACATACGGCAAG-1","G2M"
"TCACCCGATACTCT-1","G1"
"TCACCGTGCATTGG-1","G1"
"TCACCGTGGTTACG-1","G1"
"TCACCGTGTGCCTC-1","G1"
"TCACCGTGTGCTGA-1","G1"
"TCACCTCTCTGCTC-1","S"
"TCACGAGAAGAGTA-1","G1"
"TCACGAGACTAAGC-1","G1"
"TCACTATGTAAGCC-1","G1"
"TCACTATGTTCCAT-1","S"
"TCAGACGATTCAGG-1","G1"
"TCAGAGACACACCA-1","G1"
"TCAGCAGAAGCGGA-1","G1"
"TCAGCAGAGATAAG-1","G1"
"TCAGGATGGGATCT-1","G1"
"TCAGGATGTATCTC-1","G1"
"TCAGGATGTGAGCT-1","G1"
"TCAGTACTAGGAGC-1","G1"
"TCAGTACTTCAGAC-1","G1"
"TCATCAACCGAGTT-1","G1"
"TCATCAACTGGAGG-1","S"
"TCATCATGACCACA-1","G1"
"TCATCATGCTTGCC-1","G1"
"TCATCATGGGTATC-1","G1"
"TCATCCCTAACGAA-1","G1"
"TCATCCCTCACTCC-1","G1"
"TCATCCCTTCGACA-1","G1"
"TCATCCCTTCGATG-1","G1"
"TCATCCCTTGAACC-1","G1"
"TCATGTACCCTGTC-1","G1"
"TCATGTACTCAGAC-1","G1"
"TCATTGACTGATGC-1","G1"
"TCCACGTGCTGGAT-1","G1"
"TCCACGTGCTTCCG-1","G1"
"TCCACTCTACTCAG-1","G1"
"TCCAGAGAAACGTC-1","G1"
"TCCAGAGAGTTTCT-1","G1"
"TCCATAACCTCCCA-1","G1"
"TCCATAACTGCTTT-1","S"
"TCCATCCTTCTCAT-1","G1"
"TCCATCCTTGTGGT-1","G1"
"TCCCACGAATTGGC-1","G1"
"TCCCAGACTGCTGA-1","G1"
"TCCCATCTAACGGG-1","G1"
"TCCCATCTCCCGTT-1","G1"
"TCCCATCTTTGTCT-1","G1"
"TCCCGAACCTCTAT-1","G1"
"TCCCGATGAAAACG-1","G1"
"TCCCGATGTAGAAG-1","G1"
"TCCCGATGTCGTTT-1","G1"
"TCCCTACTAACTGC-1","G1"
"TCCCTACTGAGGAC-1","G1"
"TCCCTACTTCTCAT-1","G2M"
"TCCGAAGAAAAGCA-1","G1"
"TCCGAAGAAGAATG-1","G1"
"TCCGAGCTGTGTAC-1","G1"
"TCCGGACTAGTACC-1","G1"
"TCCGGACTGACGGA-1","G1"
"TCCGGACTGCGAGA-1","G1"
"TCCTAAACCTAGAC-1","G1"
"TCCTAAACTCTAGG-1","G1"
"TCCTAATGACGCAT-1","G1"
"TCCTAATGCTGTTT-1","G1"
"TCCTATGAGTAAGA-1","G1"
"TCCTATGAGTCTTT-1","G2M"
"TCGACCTGTTACCT-1","G1"
"TCGACGCTGACGAG-1","G1"
"TCGACGCTGCCAAT-1","S"
"TCGACGCTTTGTCT-1","G1"
"TCGAGAACAAAAGC-1","G1"
"TCGAGAACACACGT-1","G1"
"TCGAGAACCATGAC-1","G1"
"TCGAGCCTGGTAAA-1","S"
"TCGATACTCCACAA-1","S"
"TCGATACTGAATCC-1","S"
"TCGATACTTTCGGA-1","G1"
"TCGATTTGCATACG-1","G1"
"TCGATTTGCGGAGA-1","G1"
"TCGATTTGCGGGAA-1","G2M"
"TCGATTTGTCACCC-1","G1"
"TCGCAAGAATGACC-1","G2M"
"TCGCAAGAATGTGC-1","G1"
"TCGCAAGAGCAGTT-1","G1"
"TCGCAAGATCACGA-1","G1"
"TCGCACACCAAAGA-1","G1"
"TCGCACACTCTTCA-1","G1"
"TCGCACTGCGAACT-1","G1"
"TCGCACTGCTTAGG-1","G1"
"TCGCCATGCGGAGA-1","G1"
"TCGCCATGGAATCC-1","G1"
"TCGCCATGTTGGCA-1","S"
"TCGGACCTTCACCC-1","S"
"TCGGCACTCTATGG-1","G1"
"TCGGCACTGTTAGC-1","G1"
"TCGGCACTTCTCGC-1","G1"
"TCGTAGGAGAATAG-1","G2M"
"TCGTAGGATGAAGA-1","G2M"
"TCGTGAGAAGCCAT-1","G1"
"TCTAACACGAATAG-1","G1"
"TCTAACTGAAAAGC-1","G1"
"TCTAACTGCCTCCA-1","G1"
"TCTAACTGTGCACA-1","G1"
"TCTAAGCTGTCTTT-1","G1"
"TCTAAGCTGTTCGA-1","G1"
"TCTAAGCTTGTTTC-1","S"
"TCTACAACCAGGAG-1","G1"
"TCTACAACGTTGTG-1","G1"
"TCTAGACTCACTAG-1","G2M"
"TCTAGACTGTTCGA-1","G1"
"TCTAGTTGACCCAA-1","S"
"TCTAGTTGCTCCCA-1","G1"
"TCTATGTGGGGTGA-1","G1"
"TCTATGTGTCGACA-1","G1"
"TCTATGTGTGCAAC-1","G1"
"TCTCAAACGCGTTA-1","G1"
"TCTCCACTCTTGTT-1","G1"
"TCTCCACTTTGCTT-1","G1"
"TCTCTAGACCTTGC-1","G1"
"TCTCTAGACTTATC-1","G1"
"TCTTACGAGCCCTT-1","G1"
"TCTTCAGAGCCTTC-1","G1"
"TCTTCAGAGGCGAA-1","S"
"TCTTCAGATTTACC-1","G1"
"TCTTGATGGGAAAT-1","G1"
"TGAAATTGGGTGGA-1","G2M"
"TGAAATTGGTCACA-1","G1"
"TGAACCGACGGGAA-1","G2M"
"TGAACCGAGTACGT-1","G1"
"TGAACCGATGGTCA-1","G1"
"TGAAGCACCCATGA-1","G1"
"TGAAGCACGACAAA-1","G2M"
"TGAAGCTGCTCTAT-1","G1"
"TGAAGCTGGGGAGT-1","G1"
"TGAAGCTGGTAAGA-1","G1"
"TGAATAACCTATGG-1","G1"
"TGAATAACTATCGG-1","G2M"
"TGAATAACTGCCTC-1","G1"
"TGACACGAAGTCTG-1","G1"
"TGACCAGAGAATGA-1","G1"
"TGACCAGATATTCC-1","G1"
"TGACCGCTGCATAC-1","G1"
"TGACGAACAATCGC-1","G2M"
"TGACGATGTAGAAG-1","G1"
"TGACGCCTAGAGTA-1","G1"
"TGACGCCTGTCTTT-1","G1"
"TGACTTACCCCGTT-1","G1"
"TGACTTACTATTCC-1","G1"
"TGACTTTGCTAGAC-1","G2M"
"TGAGCAACCGATAC-1","G1"
"TGAGCAACCTCGAA-1","G1"
"TGAGCAACGGAGTG-1","G1"
"TGAGGACTTCGCAA-1","G1"
"TGAGGACTTCTTAC-1","G2M"
"TGAGGACTTTTCTG-1","S"
"TGAGTGACACCAAC-1","G1"
"TGAGTGACCAGCTA-1","G1"
"TGAGTGACCCTCCA-1","G1"
"TGATAAACACAGTC-1","G1"
"TGATAAACAGATCC-1","G1"
"TGATAAACGCAAGG-1","G1"
"TGATCACTAAGGGC-1","G1"
"TGATCACTGTAAGA-1","G1"
"TGATCACTTAAGCC-1","G2M"
"TGATCACTTCTCGC-1","G1"
"TGATCGGAATGCTG-1","G1"
"TGATTAGAAACGTC-1","G1"
"TGATTAGAGACAAA-1","G1"
"TGATTCACCGTGAT-1","G1"
"TGATTCACCGTTAG-1","G1"
"TGATTCACGAATCC-1","G2M"
"TGATTCTGCTGATG-1","G1"
"TGATTCTGGTCATG-1","G1"
"TGATTCTGTCTTAC-1","G1"
"TGCAACGAGAGCTT-1","G1"
"TGCAAGACCGCAAT-1","G2M"
"TGCAAGACCTTAGG-1","G1"
"TGCAAGACTCCTGC-1","G1"
"TGCAATCTGTTCAG-1","G1"
"TGCAGATGAGAGTA-1","G2M"
"TGCAGATGATCACG-1","G1"
"TGCAGATGATGTGC-1","G1"
"TGCAGATGCAGGAG-1","G1"
"TGCAGATGCCTCAC-1","G1"
"TGCAGATGGTCATG-1","G1"
"TGCATGGACCGATA-1","G2M"
"TGCATGGACGGGAA-1","G1"
"TGCCAAGACCAGTA-1","G1"
"TGCCAAGATCCTGC-1","G1"
"TGCCAAGATGAAGA-1","G1"
"TGCCACTGGTCATG-1","G1"
"TGCCACTGTAAAGG-1","G1"
"TGCCAGCTCATTTC-1","G1"
"TGCCAGCTGACGGA-1","G1"
"TGCCCAACAACTGC-1","G1"
"TGCCCAACATCGGT-1","G1"
"TGCCCAACCGAGAG-1","G1"
"TGCCCAACCGGAGA-1","G1"
"TGCCCAACTTGCGA-1","G1"
"TGCGAAACACGCTA-1","G1"
"TGCGAAACCGTAAC-1","S"
"TGCGATGACGCATA-1","G1"
"TGCGATGATATCGG-1","G1"
"TGCGATGATGTCAG-1","G2M"
"TGCGCACTCAAGCT-1","G1"
"TGCGTAGAAGGTTC-1","G1"
"TGCGTAGATCAGGT-1","G1"
"TGCTAGGACTCTAT-1","G1"
"TGCTATACCGACAT-1","G1"
"TGCTGAGACTAAGC-1","G2M"
"TGCTGAGAGTCACA-1","G1"
"TGGAAAGAGATAAG-1","G2M"
"TGGAACACCGTACA-1","G1"
"TGGAACACCTAGAC-1","S"
"TGGAACACCTAGCA-1","G1"
"TGGAACACTTTCTG-1","G1"
"TGGAACTGTCCGTC-1","G1"
"TGGAAGCTACCTTT-1","G2M"
"TGGAAGCTACGTTG-1","G1"
"TGGAAGCTAGAAGT-1","G1"
"TGGACCCTAACAGA-1","G1"
"TGGACCCTGGAAGC-1","G1"
"TGGACCCTGGCATT-1","S"
"TGGACCCTTATTCC-1","G1"
"TGGACTGACTGCTC-1","G1"
"TGGACTGAGGAAAT-1","G1"
"TGGACTGATTTGGG-1","G1"
"TGGAGACTTCTACT-1","G1"
"TGGAGACTTCTCTA-1","G1"
"TGGAGGGATGGAGG-1","G1"
"TGGAGGGATTGTGG-1","G1"
"TGGATCGACAAAGA-1","S"
"TGGATCGACGTCTC-1","G1"
"TGGATCGATTTCAC-1","G2M"
"TGGATGACACGTTG-1","G1"
"TGGATGACCACTCC-1","G1"
"TGGATGACTTCTCA-1","G1"
"TGGATGTGTGGAGG-1","G1"
"TGGATTCTTCCTTA-1","G1"
"TGGGTATGCGTAAC-1","G1"
"TGGTACGACTTGTT-1","G1"
"TGGTACGAGTACGT-1","G1"
"TGGTAGACCATTTC-1","G2M"
"TGGTAGTGACTCAG-1","G1"
"TGGTCAGAGCTACA-1","G1"
"TGTAACCTGGACTT-1","G1"
"TGTAACCTTCTTTG-1","G1"
"TGTAATGAAACGAA-1","G2M"
"TGTACTTGCCCGTT-1","G1"
"TGTACTTGGCCAAT-1","G2M"
"TGTAGGTGTCGCAA-1","G2M"
"TGTAGTCTCTGTTT-1","G2M"
"TGTATCTGACGCTA-1","G1"
"TGTATCTGCAGGAG-1","G1"
"TGTATCTGCCAACA-1","G1"
"TGTATCTGGACTAC-1","G1"
"TGTATCTGTGAAGA-1","G1"
"TGTATCTGTTGACG-1","G1"
"TGTCAGGAGATAAG-1","S"
"TGTGAGACGATAAG-1","G1"
"TGTGAGACTCTCAT-1","G1"
"TGTGAGTGACGCAT-1","G2M"
"TGTGATCTATCAGC-1","G2M"
"TGTTAAGATCCGAA-1","S"
"TGTTAAGATCTCAT-1","G1"
"TGTTACACAGTGTC-1","G1"
"TGTTACACCCAGTA-1","S"
"TGTTACACCTGCAA-1","G1"
"TGTTACACCTTCGC-1","G1"
"TGTTACTGACAGTC-1","G1"
"TGTTACTGAGAGGC-1","G1"
"TGTTACTGCGGGAA-1","G1"
"TGTTACTGTCAAGC-1","G2M"
"TTAACCACCCTGTC-1","G1"
"TTACACACAAGGCG-1","G1"
"TTACAGCTCTGACA-1","G1"
"TTACCATGACTACG-1","G1"
"TTACCATGCAACCA-1","G2M"
"TTACGACTAGGAGC-1","G1"
"TTACGACTGGTTCA-1","G1"
"TTACGACTTACTGG-1","G1"
"TTACGTACACTCTT-1","G1"
"TTACGTACCCTATT-1","G1"
"TTACGTACGGTTAC-1","S"
"TTACTCGAACCAAC-1","G2M"
"TTAGACCTATCGGT-1","G1"
"TTAGACCTATTGGC-1","G1"
"TTAGACCTTCAAGC-1","G1"
"TTAGCTACGCCAAT-1","G1"
"TTAGGGTGCATTTC-1","G1"
"TTAGTCTGTCGCCT-1","S"
"TTATCCGAACGACT-1","G1"
"TTATCCGACATCAG-1","G1"
"TTATCCGATCATTC-1","G1"
"TTATGAGATGTGCA-1","G2M"
"TTATGGCTCCAAGT-1","G1"
"TTATGGCTTAAAGG-1","G1"
"TTATTCCTAACGTC-1","G1"
"TTCAAAGAATCTTC-1","G1"
"TTCAAAGAGCGTTA-1","G1"
"TTCAACACACTCTT-1","G1"
"TTCAACACTTGCGA-1","G1"
"TTCAAGCTCTCGCT-1","G1"
"TTCAAGCTGAATCC-1","S"
"TTCAAGCTGTTAGC-1","G1"
"TTCACAACAGGTTC-1","G2M"
"TTCACAACTAGAGA-1","S"
"TTCACCCTCGTGAT-1","G1"
"TTCAGACTCTTGTT-1","G1"
"TTCAGACTTTCGTT-1","G1"
"TTCAGTACACCTTT-1","S"
"TTCAGTACCACTCC-1","G1"
"TTCAGTACCGGGAA-1","G1"
"TTCAGTACTCATTC-1","G1"
"TTCAGTTGGTCGTA-1","G1"
"TTCAGTTGTAAGGA-1","G1"
"TTCATCGAACTGTG-1","G1"
"TTCATCGAGGTGAG-1","G1"
"TTCATGACAAGTGA-1","S"
"TTCATGACTGAGCT-1","G1"
"TTCATGACTTTGCT-1","G1"
"TTCATGTGACACAC-1","G1"
"TTCATGTGAGGCGA-1","G1"
"TTCATTCTCTCTAT-1","G1"
"TTCATTCTGAATGA-1","G1"
"TTCATTCTGATAAG-1","G1"
"TTCATTCTGGACGA-1","G1"
"TTCATTCTTCGACA-1","G1"
"TTCATTCTTCTAGG-1","G2M"
"TTCCAAACTCACCC-1","G1"
"TTCCATGACCGTAA-1","S"
"TTCCATGATGGTGT-1","S"
"TTCCCACTGCATAC-1","G1"
"TTCCTAGATCCAAG-1","G1"
"TTCCTAGATGCCTC-1","G1"
"TTCGAGGATAGAAG-1","G1"
"TTCGAGGATGACAC-1","G1"
"TTCGGAGAAGACTC-1","G1"
"TTCGGAGACGTTAG-1","G1"
"TTCGGAGATGTGGT-1","G2M"
"TTCGTATGATCTCT-1","G1"
"TTCTACGAATGCCA-1","G2M"
"TTCTACGAGCTGAT-1","G1"
"TTCTACGAGTAGCT-1","G1"
"TTCTACGATGGAGG-1","G1"
"TTCTAGTGAGATCC-1","G2M"
"TTCTAGTGCGGTAT-1","G1"
"TTCTAGTGGCTAAC-1","G1"
"TTCTAGTGGTGCTA-1","G1"
"TTCTCAGATCTCTA-1","G1"
"TTCTTACTACTAGC-1","G1"
"TTCTTACTCCCGTT-1","G1"
"TTCTTACTCGAATC-1","G2M"
"TTGAACCTATACCG-1","G2M"
"TTGAATGACCCAAA-1","S"
"TTGAATGAGGTTCA-1","G1"
"TTGACACTCCGAAT-1","G1"
"TTGAGGACACACCA-1","G2M"
"TTGAGGACAGCGGA-1","G2M"
"TTGAGGACTGCAGT-1","G1"
"TTGAGGACTTGGCA-1","S"
"TTGAGGTGCCTGTC-1","G1"
"TTGAGGTGCTTAGG-1","G1"
"TTGAGGTGGTACCA-1","G1"
"TTGATCTGAAGATG-1","S"
"TTGATCTGTCCGAA-1","S"
"TTGCATTGGGGCAA-1","G1"
"TTGCATTGTCACGA-1","G2M"
"TTGCTAACCACTGA-1","G1"
"TTGCTAACTGTTTC-1","G1"
"TTGCTATGACAGCT-1","G1"
"TTGCTATGTCTCCG-1","G2M"
"TTGGAGACAGTGCT-1","G1"
"TTGGAGTGCTTCTA-1","G2M"
"TTGGAGTGGAGAGC-1","G2M"
"TTGGAGTGGCATAC-1","G1"
"TTGGTACTCGGAGA-1","G1"
"TTGTAGCTGCCATA-1","G1"
"TTGTAGCTTCAGTG-1","G1"
"TTGTCATGCATTGG-1","G1"
"TTGTCATGTCTTCA-1","G1"
"TTTAGAGACAACTG-1","G1"
"TTTAGAGACTATGG-1","G1"
"TTTAGAGATCGATG-1","G1"
"TTTAGCTGACGTAC-1","S"
"TTTAGCTGCGTGAT-1","G1"
"TTTAGCTGGAGGGT-1","G1"
"TTTATCCTGCTACA-1","G2M"
"TTTATCCTTCTACT-1","G1"
"TTTCACGAAGCATC-1","G1"
"TTTCACGATAAAGG-1","G1"
"TTTCAGTGCAAAGA-1","G1"
"TTTCCAGAACCACA-1","G1"
"TTTCCAGAATTGGC-1","G1"
"TTTCCAGACATTCT-1","G1"
"TTTCCAGACGTTAG-1","G1"
"TTTCCAGACTTATC-1","G1"
"TTTCCAGAGCAGTT-1","G1"
"TTTCGAACAATCGC-1","G1"
"TTTCGAACACGGAG-1","G1"
"TTTCGAACCAGTTG-1","S"
"TTTCGAACGGATTC-1","G1"
"TTTCGAACTCCCGT-1","G1"
"TTTCGAACTGACAC-1","G1"
"TTTCGAACTTAGGC-1","G2M"
"TTTCTACTCACACA-1","G1"
"TTTCTACTCTATTC-1","G1"
"TTTCTACTTGGCAT-1","G1"
"TTTGCATGTACAGC-1","G1"
